Date, Odometer, Battery Energy, Hours Charging, Hours Running, Hours On,,,,,,,,,
,0.789622222,134.2741222,0.268055556,0.154722222,0.079762233,,,,,,,,,
,,,,,,,,,,,,,,
Time Stamp, Battery Current, Battery Voltage, Battery Power In, Battery Power Out, Motor Current (AC), Motor Voltage (AC), Motor Controller Battery Current, Motor Controller Capacitor Voltage, Vehicle Speed, Motor Velocity (RPM), SOC, Time Charging, Time Operating, Vehicle Run Hours 
13:57:02,0,0,0,0,10,0,0,309.9375,0,0,0,0,0,1
13:57:03,-2.8,312.17,874.076,0,6,1690,4092,310.5,12.15,647,61,1,0,1
13:57:04,-5.3,312.4,1655.72,0,19,1357,4090,310.625,10.6,521,61,1,0,1
13:57:05,-3.7,312.47,1156.139,0,21,988,4090,310.625,7.15,399,61,1,0,1
13:57:06,16.5,311.48,0,5139.42,14,1162,3,310.125,7.4,364,61,1,0,1
13:57:07,65.7,305.5,0,20071.35,185,1816,96,302.9375,9.7,473,61,1,0,1
13:57:08,18.3,309.44,0,5662.752,56,1733,27,308.125,10.13,543,61,1,0,1
13:57:09,6.2,311.23,0,1929.626,37,1737,4,309.0625,11.4,565,61,1,0,1
13:57:10,50.3,308.06,0,15495.418,99,2046,47,305.8125,11.15,598,61,1,0,1
13:57:11,54.6,305.86,0,16699.956,108,2565,81,303.875,15.12,787,61,1,0,1
13:57:12,-1.8,311.73,561.114,0,0,2174,4090,309.3125,15.15,798,61,1,0,1
13:57:13,-3.3,311.97,1029.501,0,8,2014,4092,310.625,14.14,745,61,1,0,1
13:57:14,-10.5,312.74,3283.77,0,27,1652,4085,311.375,12.11,636,61,1,0,1
13:57:15,-1.9,312.3,593.37,0,9,1107,4092,311.375,8.11,436,61,1,0,1
13:57:16,0.6,312.05,0,187.23,0,135,4095,310.125,4,201,61,1,0,1
13:57:17,0.7,312.1,0,218.47,0,155,0,310.375,0.9,29,61,1,0,1
13:57:18,0.6,312.14,0,187.284,0,0,0,309.9375,0,0,61,1,0,1
13:57:19,0.6,312.21,0,187.326,0,0,0,310.625,0,0,61,1,0,1
13:57:20,0.5,312.26,0,156.13,0,0,0,310.5,0,0,61,1,0,1
13:57:21,0.5,312.29,0,156.145,0,0,0,310.625,0,0,61,1,0,1
13:57:22,1,312.32,0,312.32,8,77,0,310.25,0,3,61,1,0,1
13:57:23,1.1,312.13,0,343.343,31,369,6,310.75,1.1,84,61,1,0,1
13:57:24,0.8,312.37,0,249.896,0,77,4095,311.25,0.13,41,61,1,0,1
13:57:25,14.3,311.6,0,4455.88,159,483,10,308.8125,1.1,56,61,1,0,1
13:57:26,84.7,305.29,0,25858.063,207,1972,93,303.5,9.2,457,61,1,0,1
13:57:27,52.3,306.5,0,16029.95,97,2609,73,304.75,15.8,775,61,1,0,1
13:57:28,58.6,306.74,0,17974.964,86,2839,62,304.9375,17.1,883,61,1,0,1
13:57:29,6.4,310.39,0,1986.496,12,2814,14,308.3125,19.5,966,61,1,0,1
13:57:30,-20.4,313.16,6388.464,0,32,2395,4077,311.8125,18.3,909,61,1,0,1
13:57:31,6.6,311.44,0,2055.504,11,2576,6,309.9375,17.6,868,61,1,0,1
13:57:32,0.3,311.8,0,93.54,0,2214,4,310.75,16.6,820,61,1,0,1
13:57:33,0.1,312.08,0,31.208,0,1533,4095,310.375,11.7,572,61,1,0,1
13:57:34,0.6,312.1,0,187.26,0,1282,4095,311,9.5,466,61,1,0,1
13:57:35,-2.5,312.42,781.05,0,13,1030,4093,310.875,7.15,398,61,1,0,1
13:57:36,0.6,312.45,0,187.47,8,816,4093,310.875,6.8,326,61,1,0,1
13:57:37,8.2,311.66,0,2555.612,29,1085,9,309.8125,6.1,332,61,1,0,1
13:57:38,8.7,311.67,0,2711.529,30,1105,8,310.25,6.13,342,61,1,0,1
13:57:39,11.6,311.36,0,3611.776,41,1143,12,310,6.15,349,61,1,0,1
13:57:40,7.8,311.47,0,2429.466,33,1163,11,310.5,7.1,353,61,1,0,1
13:57:41,6.2,311.73,0,1932.726,23,1144,7,310,7,351,61,1,0,1
13:57:42,8.8,311.62,0,2742.256,31,1104,8,310,6.12,339,61,1,0,1
13:57:43,11.4,311.41,0,3550.074,39,1162,12,309.9375,7,352,61,1,0,1
13:57:44,11.4,311.39,0,3549.846,37,1161,12,309.8125,7.1,355,61,1,0,1
13:57:45,11.6,311.39,0,3612.124,38,1179,12,309.0625,7.1,354,61,1,0,1
13:57:46,8.1,311.66,0,2524.446,25,1164,9,310.375,7.3,360,61,1,0,1
13:57:47,2.7,312.07,0,842.589,8,1125,3,310.5,7.1,354,61,1,0,1
13:57:48,0,312.43,0,0,0,951,4095,310.75,7,352,61,1,0,1
13:57:49,2.6,312.31,0,812.006,5,1066,1,310.25,6.15,347,61,1,0,1
13:57:50,8.4,311.89,0,2619.876,27,1107,7,310.5,6.14,346,61,1,0,1
13:57:51,9.3,311.77,0,2899.461,28,1203,9,310.25,7.7,372,61,1,0,1
13:57:52,7.7,311.84,0,2401.168,25,1221,7,310.375,7.11,386,61,1,0,1
13:57:53,12.5,311.57,0,3894.625,36,1316,12,309.5625,8.3,409,61,1,0,1
13:57:54,6.1,311.89,0,1902.529,16,1338,7,310.75,8.6,420,61,1,0,1
13:57:55,3.1,312.31,0,968.161,6,1244,2,310.25,8.1,403,61,1,0,1
13:57:56,7.8,311.93,0,2433.054,24,1261,7,310.625,7.13,393,61,1,0,1
13:57:57,13.7,311.55,0,4268.235,36,1338,12,309.4375,8.5,418,61,1,0,1
13:57:58,12.1,311.41,0,3768.061,35,1493,14,310.375,9.3,459,61,1,0,1
13:57:59,8.8,311.7,0,2742.96,24,1489,9,309.6875,9.8,477,61,1,0,1
13:58:00,9.1,311.73,0,2836.743,25,1471,9,310.25,9.7,473,61,1,0,1
13:58:01,9.8,311.71,0,3054.758,24,1492,9,310,9.7,473,61,1,0,1
13:58:01,11.3,311.64,0,3521.532,0,0,0,0,0,0,61,1,0,0
13:58:02,14.7,311.33,0,4576.551,37,1567,14,310,9.14,495,61,1,0,1
13:58:03,14.7,311.18,0,4574.346,36,1722,17,309.8125,10.12,540,61,1,0,1
13:58:04,15.5,311.17,0,4823.135,34,1857,16,309.5625,11.12,590,61,1,0,1
13:58:05,8.5,311.65,0,2649.025,18,1995,11,310.125,12.13,641,61,1,0,1
13:58:06,-3.2,312.51,1000.032,0,6,1751,0,311.375,12.12,637,61,1,0,1
13:58:07,5.3,312.23,0,1654.819,12,1841,4,310.5,12.3,611,61,1,0,1
13:58:08,41.7,309.29,0,12897.393,83,2076,42,307.25,12.9,628,61,1,0,1
13:58:09,36.8,309.2,0,11378.56,67,2265,42,307.25,14.9,729,61,1,0,1
13:58:10,-15.5,311.9,4834.45,0,23,2078,1,311.8125,13.13,693,61,1,0,1
13:58:11,0.3,312.33,0,93.699,0,1376,4095,310.25,10.6,520,61,1,0,1
13:58:12,0.7,312.39,0,218.673,0,542,4095,310.5,4.2,209,61,1,0,1
13:58:13,2.3,312.34,0,718.382,0,0,0,310.5,0.3,10,61,1,0,1
13:58:14,16.1,311.65,0,5017.565,114,368,7,310.25,-0.14,-46,61,1,0,1
13:58:15,80.2,305.2,0,24477.04,245,1724,112,302.9375,-8,-402,61,1,0,1
13:58:16,1.5,311.63,0,467.445,0,1396,0,310.5,-10.1,-504,61,1,0,1
13:58:17,1,312.05,0,312.05,0,446,0,310.75,-3.11,-186,61,1,0,1
13:58:18,0.7,312.25,0,218.575,0,0,0,310.5,0,0,61,1,0,1
13:58:19,1.8,312.26,0,562.068,0,0,0,310.25,0,0,61,1,0,1
13:58:20,4.7,312.13,0,1467.011,99,213,2,309.6875,0.14,44,61,1,0,1
13:58:21,58,307.1,0,17811.8,194,1546,74,305.1875,7.4,364,61,1,0,1
13:58:22,22.1,309.02,0,6829.342,71,1764,40,306.875,11.3,561,61,1,0,1
13:58:23,0.7,312.01,0,218.407,0,1691,0,310.375,11.6,571,61,1,0,1
13:58:24,0.7,312.22,0,218.554,0,1223,0,311,9.4,463,61,1,0,1
13:58:25,0.7,312.33,0,218.631,0,621,4095,310.375,4.13,241,61,1,0,1
13:58:26,0.7,312.4,0,218.68,0,116,4095,310.75,1.3,61,61,1,0,1
13:58:27,0.6,312.48,0,187.488,0,0,0,311.125,0,0,61,1,0,1
13:58:28,0.6,312.54,0,187.524,0,0,0,310.875,0,0,61,1,0,1
13:58:29,0.6,312.59,0,187.554,0,0,0,310.875,0,0,61,1,0,1
13:58:30,0.6,312.63,0,187.578,0,0,0,310.875,0,0,61,1,0,1
13:58:31,0.6,312.66,0,187.596,0,0,0,310.375,0,0,61,1,0,1
13:58:32,0.6,312.71,0,187.626,0,0,0,311,0,0,61,1,0,1
13:58:33,0.6,312.74,0,187.644,0,0,0,311.25,0,0,61,1,0,1
13:58:34,0.6,312.78,0,187.668,0,0,0,311.5,0,0,61,1,0,1
13:58:35,0.6,312.79,0,187.674,0,0,0,310.5,0,0,61,1,0,1
13:58:36,0.6,312.83,0,187.698,0,0,0,311.25,0,0,61,1,0,1
13:58:37,0.5,312.85,0,156.425,0,0,0,310.75,0,0,61,1,0,1
13:58:38,0.5,312.88,0,156.44,0,0,0,310.75,0,0,61,1,0,1
13:58:39,0.5,312.91,0,156.455,0,0,0,311.375,0,0,61,1,0,1
13:58:40,0.5,312.92,0,156.46,0,0,0,311,0,0,61,1,0,1
13:58:41,0.6,312.94,0,187.764,0,0,0,311.125,0,0,61,1,0,1
13:58:42,0.5,312.97,0,156.485,0,0,0,311.625,0,0,61,1,0,1
13:58:43,0.5,312.99,0,156.495,0,0,0,311.375,0,0,61,1,0,1
13:58:44,0.6,313,0,187.8,0,0,0,311.125,0,0,61,1,0,1
13:58:45,0.8,313.01,0,250.408,0,38,0,311.625,0,0,61,1,0,1
13:58:46,13,312.21,0,4058.73,104,368,12,309.8125,-1,-54,61,1,0,1
13:58:47,3.6,312.9,0,1126.44,11,427,1,311.5,-2.13,-140,61,1,0,1
13:58:48,6.1,312.59,0,1906.799,42,562,6,311,-2.9,-129,61,1,0,1
13:58:49,6.2,312.5,0,1937.5,14,681,7,310.75,-3.12,-189,61,1,0,1
13:58:50,2.2,312.91,0,688.402,6,603,0,311.375,-3.9,-179,61,1,0,1
13:58:51,3.3,312.78,0,1032.174,16,602,3,310.875,-3.5,-167,61,1,0,1
13:58:52,3.2,312.8,0,1000.96,17,581,3,311.375,-3.5,-169,61,1,0,1
13:58:53,6,312.62,0,1875.72,29,718,5,310.625,-3.11,-187,61,1,0,1
13:58:54,10.2,312.26,0,3185.052,44,814,9,310.5,-4.7,-224,61,1,0,1
13:58:55,11,312.12,0,3433.32,46,913,10,310.25,-5.2,-261,61,1,0,1
13:58:56,1,312.76,0,312.76,0,524,3,311.125,-4.9,-219,61,1,0,1
13:58:57,0.9,312.92,0,281.628,0,622,0,311.25,-4.5,-217,61,1,0,1
13:58:58,-0.9,313.13,281.817,0,45,97,4095,312.3125,-2.1,-125,61,1,0,1
13:58:59,10.9,312.69,0,3408.321,49,155,3,310.875,0,0,61,1,0,1
13:59:00,62.9,308.05,0,19376.345,183,1532,66,306.0625,6.12,345,61,1,0,1
13:59:01,66.5,307.07,0,20420.155,121,2325,72,305.1875,13,657,61,1,0,1
13:59:01,0,0,0,0,36,0,0,308.6875,0,0,0,0,0,1
13:59:02,6.4,311.09,0,1990.976,5,2360,13,310.25,16,801,61,1,0,1
13:59:03,-18.3,313.71,5740.893,0,32,2047,4083,312.5625,15.2,757,61,1,0,1
13:59:04,-19.4,314.47,6100.718,0,57,1425,4075,313.3125,11.11,580,61,1,0,1
13:59:05,-6.9,313.71,2164.599,0,34,896,4088,311.6875,7.3,358,61,1,0,1
13:59:06,0.2,313.12,0,62.624,9,428,4094,311.6875,4.2,203,61,1,0,1
13:59:07,0.8,313.01,0,250.408,0,38,0,311.125,0.7,24,61,1,0,1
13:59:08,0.5,313.03,0,156.515,0,0,0,311.5,0,0,61,1,0,1
13:59:09,0.6,313.05,0,187.83,0,0,0,311.25,-0.1,-5,61,1,0,1
13:59:10,0.5,313.06,0,156.53,0,0,0,311.8125,0,0,61,1,0,1
13:59:11,0.5,313.09,0,156.545,0,0,0,311.125,0,0,61,1,0,1
13:59:12,0.5,313.11,0,156.555,0,0,0,311.375,0,0,61,1,0,1
13:59:13,0.5,313.13,0,156.565,0,0,0,310.875,0,0,61,1,0,1
13:59:14,0.5,313.15,0,156.575,0,0,0,311.125,0,0,61,1,0,1
13:59:15,0.5,313.16,0,156.58,0,0,0,310.5,0,0,61,1,0,1
13:59:16,0.5,313.17,0,156.585,0,0,0,310.75,0,0,61,1,0,1
13:59:17,0.5,313.2,0,156.6,0,0,0,311.375,0,0,61,1,0,1
13:59:18,0.5,313.22,0,156.61,0,0,0,311.375,0,0,61,1,0,1
13:59:19,0.5,313.23,0,156.615,0,0,0,311.25,0,0,61,1,0,1
13:59:20,0.5,313.24,0,156.62,0,0,0,311.5,0,0,61,1,0,1
13:59:21,0.5,313.24,0,156.62,0,0,0,311.5,0,0,61,1,0,1
13:59:22,0.5,313.26,0,156.63,0,0,0,311.5,0,0,61,1,0,1
13:59:23,0.5,313.27,0,156.635,0,0,0,311.25,0,0,61,1,0,1
13:59:24,0.5,313.29,0,156.645,0,0,0,311.25,0,0,61,1,0,1
13:59:25,0.5,313.3,0,156.65,0,0,0,311.375,0,0,61,1,0,1
13:59:26,0.5,313.3,0,156.65,0,0,0,311.6875,0,0,61,1,0,1
13:59:27,0.8,313.29,0,250.632,9,77,0,311.125,0,0,61,1,0,1
13:59:28,0.7,313.27,0,219.289,0,214,0,311.9375,1.14,95,61,1,0,1
13:59:29,0.7,313.29,0,219.303,0,19,0,311.25,0.2,8,61,1,0,1
13:59:30,0.5,313.31,0,156.655,0,0,0,310.875,0,0,61,1,0,1
13:59:31,0.5,313.34,0,156.67,0,0,0,311.9375,-0.3,-12,61,1,0,1
13:59:32,0.5,313.36,0,156.68,0,0,0,311.375,0,0,61,1,0,1
13:59:33,0.5,313.36,0,156.68,0,0,0,311.5,0,0,61,1,0,1
13:59:34,0.5,313.37,0,156.685,0,0,0,311.625,0,0,61,1,0,1
13:59:35,0.5,313.38,0,156.69,0,0,0,311.125,0,0,61,1,0,1
13:59:36,0.5,313.38,0,156.69,0,0,0,311.375,0,0,61,1,0,1
13:59:37,0.5,313.39,0,156.695,0,0,0,311.625,0,0,61,1,0,1
13:59:38,0.5,313.4,0,156.7,0,0,0,312.0625,0,0,61,1,0,1
13:59:39,0.5,313.42,0,156.71,0,0,0,311.9375,0,0,61,1,0,1
13:59:40,0.5,313.43,0,156.715,0,0,0,311.8125,0,0,61,1,0,1
13:59:41,0.5,313.42,0,156.71,0,0,0,311.8125,0,0,61,1,0,1
13:59:42,0.5,313.45,0,156.725,0,0,0,311.25,0,0,61,1,0,1
13:59:43,0.5,313.44,0,156.72,0,0,0,311.8125,0,0,61,1,0,1
13:59:44,0.5,313.44,0,156.72,0,0,0,311.625,0,0,61,1,0,1
13:59:45,0.5,313.46,0,156.73,0,0,0,311.25,0,0,61,1,0,1
13:59:46,0.5,313.46,0,156.73,0,0,0,311.625,0,0,61,1,0,1
13:59:47,0.5,313.47,0,156.735,0,0,0,311.375,0,0,61,1,0,1
13:59:48,0.5,313.49,0,156.745,0,0,0,312.3125,0,0,61,1,0,1
13:59:49,0.5,313.49,0,156.745,0,0,0,311,0,0,61,1,0,1
13:59:50,0.5,313.49,0,156.745,0,0,0,311.25,0,0,61,1,0,1
13:59:51,0.5,313.5,0,156.75,0,0,0,311.375,0,0,61,1,0,1
13:59:52,0.5,313.5,0,156.75,0,0,0,312.3125,0,0,61,1,0,1
13:59:53,0.5,313.51,0,156.755,0,0,0,311.9375,0,0,61,1,0,1
13:59:54,0.5,313.52,0,156.76,0,0,0,311.25,0,0,61,1,0,1
13:59:55,0.5,313.52,0,156.76,0,0,0,312.0625,0,0,61,1,0,1
13:59:56,0.5,313.52,0,156.76,0,0,0,311.625,0,0,61,1,0,1
13:59:57,0.5,313.53,0,156.765,0,0,0,311.25,0,0,61,1,0,1
13:59:58,0.5,313.54,0,156.77,0,0,0,311.625,0,0,61,1,0,1
13:59:59,0.5,313.55,0,156.775,0,0,0,311.6875,0,0,61,1,0,1
14:00:00,0.5,313.54,0,156.77,0,0,0,311.375,0,0,61,1,0,1
14:00:01,0.5,313.55,0,156.775,0,0,0,311.625,0,0,61,1,0,1
14:00:01,0.5,313.56,0,156.78,0,0,0,0,0,0,61,1,0,0
14:00:02,0.5,313.56,0,156.78,0,0,0,311.8125,0,0,61,1,0,0
14:00:03,0.5,313.56,0,156.78,0,0,0,311.625,0,0,61,1,0,0
14:00:04,0.5,313.57,0,156.785,0,0,0,311.5,0,0,61,1,0,0
14:00:05,0.5,313.58,0,156.79,0,0,0,311.5,0,0,61,1,0,0
14:00:06,0.5,313.58,0,156.79,0,0,0,311.5,0,0,61,1,0,0
14:00:07,0.5,313.58,0,156.79,0,0,0,311.25,0,0,61,1,0,0
14:00:08,0.5,313.58,0,156.79,0,0,0,311.8125,0,0,61,1,0,0
14:00:09,0.5,313.59,0,156.795,0,0,0,312.0625,0,0,61,1,0,0
14:00:10,0.6,313.53,0,188.118,0,0,0,311.625,0,0,61,1,0,0
14:00:11,0.5,313.58,0,156.79,0,0,0,311.8125,0,0,61,1,0,0
14:00:12,0.5,313.6,0,156.8,0,0,0,312.3125,0,0,61,1,0,1
14:00:13,6.5,313.3,0,2036.45,129,311,1,310.75,0.13,43,61,1,0,1
14:00:14,20.7,311.6,0,6450.12,74,1047,30,310.25,5.11,287,61,1,0,1
14:00:15,32.8,310.73,0,10191.944,95,1374,32,309.3125,7.9,378,61,1,0,1
14:00:16,31.9,310.32,0,9899.208,74,1639,35,308.6875,9.1,481,61,1,0,1
14:00:17,33,310.24,0,10237.92,74,1771,33,308.8125,10.11,535,61,1,0,1
14:00:18,21.6,311.06,0,6718.896,45,1873,24,309.5625,11.1,583,61,1,0,1
14:00:19,11.2,311.81,0,3492.272,24,1839,13,310.5,11.1,583,61,1,0,1
14:00:20,23.9,311.27,0,7439.353,44,1992,19,309.3125,12.9,628,61,1,0,1
14:00:21,51.1,308.96,0,15787.856,88,2381,49,306.875,14.13,742,61,1,0,1
14:00:22,81,306.08,0,24792.48,119,3006,83,303.875,18.4,914,61,1,0,1
14:00:23,116.3,302.85,0,35221.455,136,3823,121,300,22.6,1118,61,1,0,1
14:00:24,-2.7,311.93,842.211,0,0,3138,4091,310.625,22.1,1133,61,1,0,1
14:00:25,-24.8,312.05,7738.84,0,0,3212,4095,311.375,21,1051,61,1,0,1
14:00:26,-17.3,313.71,5427.183,0,27,2653,4080,312.1875,19.1,983,61,1,0,1
14:00:27,-15.1,314.25,4745.175,0,35,2249,4077,313.1875,16.11,836,61,1,0,1
14:00:28,1.8,312.8,0,563.04,0,2173,0,311.9375,15.6,771,61,1,0,1
14:00:29,-7.4,313.41,2319.234,0,22,1791,4089,311.9375,13.12,688,61,1,0,1
14:00:30,-9.9,313.85,3107.115,0,29,1462,4085,312.3125,11.6,570,61,1,0,1
14:00:31,9.4,312.66,0,2939.004,45,1634,4,310.75,10.5,516,61,1,0,1
14:00:32,43.5,309.68,0,13471.08,102,1801,44,307.375,10.8,526,61,1,0,1
14:00:33,38.5,309.44,0,11913.44,81,2056,43,307.75,12.11,634,61,1,0,1
14:00:34,12,311.34,0,3736.08,19,2210,17,309.9375,14.5,718,61,1,0,1
14:00:35,-11,313.36,3446.96,0,26,1930,4088,312.0625,14.5,717,61,1,0,1
14:00:36,1.9,312.96,0,594.624,0,1750,4092,311,12.12,639,61,1,0,1
14:00:37,34.5,310.4,0,10708.8,74,2027,30,307.875,12.8,626,61,1,0,1
14:00:38,64.5,307.66,0,19844.07,110,2501,66,305.6875,14.15,749,61,1,0,1
14:00:39,36.4,309.08,0,11250.512,52,2672,42,307.75,17.1,855,61,1,0,1
14:00:40,0.2,312.04,0,62.408,0,2308,4,311.125,17,852,61,1,0,1
14:00:41,-25.9,314.44,8143.996,0,53,2093,4073,313.1875,15.14,794,61,1,0,1
14:00:42,-1.8,313.32,563.976,0,0,1711,4089,311.9375,12.14,646,61,1,0,1
14:00:43,41.2,309.89,0,12767.468,68,2079,35,309.1875,12.15,648,61,1,0,1
14:00:44,81,306.22,0,24803.82,132,2721,76,303.75,15.8,776,61,1,0,1
14:00:45,-2.6,311.47,809.822,0,24,2421,6,311.375,16.8,827,61,1,0,1
14:00:46,-5.6,312.61,1750.616,0,8,2141,4091,311.625,15.15,798,61,1,0,1
14:00:47,-14.7,313.65,4610.655,0,33,1797,4083,312.0625,13.13,692,61,1,0,1
14:00:48,-16.7,314.09,5245.303,0,50,1403,4080,312.6875,11.1,553,61,1,0,1
14:00:49,-9.3,313.72,2917.596,0,41,935,4086,311.8125,8,401,61,1,0,1
14:00:50,-3.7,313.4,1159.58,0,29,623,4091,312.4375,5.6,269,61,1,0,1
14:00:51,13.9,312.69,0,4346.391,80,994,3,310.25,5.5,266,61,1,0,1
14:00:52,97.5,304.41,0,29679.975,201,2342,115,302.0625,11.5,566,61,1,0,1
14:00:53,98.8,303.88,0,30023.344,135,3130,107,301.5,18.5,915,61,1,0,1
14:00:54,87.8,303.99,0,26690.322,102,3618,99,302.1875,22.4,1113,61,1,0,1
14:00:55,16.1,309.1,0,4976.51,10,3664,32,308.125,24.4,1213,61,1,0,1
14:00:56,10.6,310.69,0,3293.314,12,3588,10,308.9375,24.6,1220,61,1,0,1
14:00:57,69.7,306.49,0,21362.353,76,3731,66,304.25,24.3,1211,61,1,0,1
14:00:58,-16.1,312.72,5034.792,0,22,3214,4080,311.375,23.11,1185,61,1,0,1
14:00:59,-24.3,313.95,7628.985,0,33,2807,4073,311.9375,20.15,1046,61,1,0,1
14:01:00,-20.3,314.06,6375.418,0,37,2324,4074,312.4375,17.1,883,61,1,0,1
14:01:01,-10.2,313.53,3198.006,0,21,1795,4083,312.3125,14,701,61,1,0,1
14:01:02,34.5,310.16,0,10700.52,65,1989,27,308.5625,12.6,619,61,1,0,1
14:01:02,10.8,311.12,0,3360.096,0,0,0,0,0,0,61,1,0,0
14:01:03,19,311.18,0,5912.42,40,1897,15,309.3125,12.4,614,61,1,0,1
14:01:04,57.9,308.01,0,17833.779,107,2292,56,305.5625,13.1,683,61,1,0,1
14:01:05,91.1,304.83,0,27770.013,123,3102,91,303.1875,18.6,918,61,1,0,1
14:01:06,117.7,302.16,0,35564.232,134,3894,120,298.9375,23.6,1168,61,1,0,1
14:01:07,149.5,299.75,0,44812.625,143,4362,145,296.625,28.1,1402,61,1,0,1
14:01:08,163.9,297.6,0,48776.64,153,4321,172,295.0625,32.6,1620,61,1,0,1
14:01:09,149.1,297.79,0,44400.489,141,4237,165,295.3125,36.3,1808,61,1,0,1
14:01:10,107.4,300.29,0,32251.146,114,4172,136,298.4375,39.6,1967,61,1,0,1
14:01:11,21.2,304.9,0,6463.88,61,4209,77,306.625,40.7,2020,61,1,0,1
14:01:12,-1.2,309.85,371.82,0,75,4009,5,307.5,37.9,1878,60,1,0,1
14:01:13,-46.7,313.44,14637.648,0,78,3867,4065,312.9375,36.6,1819,60,1,0,1
14:01:14,-63.2,316.03,19973.096,0,95,3496,4039,314.375,32.15,1647,61,1,0,1
14:01:15,-59.7,316.77,18911.169,0,74,3574,4029,316.3125,28.15,1446,61,1,0,1
14:01:16,-34.6,314.85,10893.81,0,41,3235,4061,313.1875,23.14,1195,61,1,0,1
14:01:17,-19.6,313.83,6151.068,0,27,2685,4076,312.6875,20.7,1017,61,1,0,1
14:01:18,-15.6,313.43,4889.508,0,32,2261,4082,311.9375,17,850,61,1,0,1
14:01:19,-17.6,313.78,5522.528,0,38,1912,4079,312.3125,14.9,726,61,1,0,1
14:01:20,-12.6,313.5,3950.1,0,35,1443,4083,312.1875,11.6,566,61,1,0,1
14:01:21,22.4,311.86,0,6985.664,109,2008,13,308.5625,10.13,565,61,1,0,1
14:01:22,17.4,310.41,0,5401.134,36,2084,25,308.8125,13,654,61,1,0,1
14:01:23,4.2,311.49,0,1308.258,5,1921,5,310.5,13.3,658,61,1,0,1
14:01:24,-1.2,312.35,374.82,0,0,1648,4091,311,12.4,613,61,1,0,1
14:01:25,20.1,310.76,0,6246.276,42,1832,16,308.25,11.12,589,61,1,0,1
14:01:26,39.5,308.61,0,12190.095,69,2052,45,308,12.5,621,61,1,0,1
14:01:27,46.6,308.33,0,14368.178,90,2296,46,305.3125,13.14,696,61,1,0,1
14:01:28,75.1,305.65,0,22954.315,113,2901,77,303.375,17.4,865,61,1,0,1
14:01:29,94.2,303.68,0,28606.656,115,3546,99,300.75,21.14,1098,60,1,0,1
14:01:30,32,307.81,0,9849.92,32,3593,42,306.4375,24.1,1202,60,1,0,1
14:01:31,-19.6,312.3,6121.08,0,18,3083,4085,311.25,22.13,1139,60,1,0,1
14:01:32,-36.2,314.33,11378.746,0,57,2619,4065,313.375,19.12,985,60,1,0,1
14:01:33,-16.8,313.68,5269.824,0,24,2226,4075,311.625,16.11,833,60,1,0,1
14:01:34,4.6,311.85,0,1434.51,8,2309,4,310.125,15.12,789,60,1,0,1
14:01:35,10.4,311.28,0,3237.312,19,2260,11,309.0625,15,750,60,1,0,1
14:01:36,18.7,310.72,0,5810.464,40,2316,17,309.1875,15.1,754,60,1,0,1
14:01:37,31.2,309.52,0,9657.024,51,2422,33,307.5,15.7,774,60,1,0,1
14:01:38,37,308.64,0,11419.68,57,2648,44,307.375,16.13,840,60,1,0,1
14:01:39,12.1,310.54,0,3757.534,14,2605,16,308.4375,17.7,873,60,1,0,1
14:01:40,-8.7,312.39,2717.793,0,15,2350,4089,310.875,17.9,877,60,1,0,1
14:01:41,21.7,310.42,0,6736.114,33,2567,14,308.6875,17.4,857,60,1,0,1
14:01:42,13.2,310.9,0,4103.88,18,2568,14,309.1875,17.3,860,60,1,0,1
14:01:43,6.8,311.37,0,2117.316,10,2480,7,309.8125,16.9,827,60,1,0,1
14:01:44,-0.3,311.95,93.585,0,0,2228,3,310.875,15.12,787,60,1,0,1
14:01:45,-12.6,313.13,3945.438,0,25,1772,4086,311.6875,13.9,678,60,1,0,1
14:01:46,3,312.36,0,937.08,4,1752,4094,311.125,11.15,598,60,1,0,1
14:01:47,27,310.4,0,8380.8,55,1987,26,308.6875,12.8,627,60,1,0,1
14:01:48,17.4,310.44,0,5401.656,37,2199,25,309.0625,14.4,712,60,1,0,1
14:01:49,11.5,311.06,0,3577.19,24,2027,15,309.3125,13.9,677,60,1,0,1
14:01:50,-9.8,312.96,3067.008,0,27,1441,4086,311.625,11.8,573,60,1,0,1
14:01:51,80.8,307.57,0,24851.656,149,1876,48,306.3125,10.3,514,60,1,0,1
14:01:52,22.1,310.24,0,6856.304,41,1984,20,308.5625,12.8,630,60,1,0,1
14:01:53,1.1,312.34,0,343.574,4,1744,4092,310.625,13.8,671,60,1,0,1
14:01:54,-1.8,312.09,561.762,0,0,1706,4095,310.625,11.11,589,60,1,0,1
14:01:55,0.3,312.22,0,93.666,0,1339,4095,310.625,9.14,492,60,1,0,1
14:01:56,-3.3,312.59,1031.547,0,13,1011,4092,311.375,8.3,408,60,1,0,1
14:01:57,20.8,311.85,0,6486.48,22,1530,7,309.6875,8.2,425,60,1,0,1
14:01:58,11.5,311.36,0,3580.64,33,1373,13,309.5625,8.13,441,60,1,0,1
14:01:59,8.4,311.5,0,2616.6,24,1451,10,309.3125,9.7,471,60,1,0,1
14:02:00,-3.8,312.7,1188.26,0,22,1009,4090,310,8.1,402,60,1,0,1
14:02:01,0.7,312.5,0,218.75,0,640,4095,310.75,4.13,237,60,1,0,1
14:02:01,0,0,0,0,0,0,0,311,0,0,0,0,0,1
14:02:02,0.7,312.51,0,218.757,0,0,0,310.625,0,0,60,1,0,1
14:02:03,0.7,312.54,0,218.778,0,0,0,311,0,0,60,1,0,1
14:02:04,0.7,312.58,0,218.806,0,0,0,311,0,0,60,1,0,1
14:02:05,0.7,312.62,0,218.834,0,0,0,310.75,0,0,60,1,0,1
14:02:06,0.6,312.66,0,187.596,0,0,0,310.875,0,0,60,1,0,1
14:02:07,0.6,312.7,0,187.62,0,0,0,310.5,0,0,60,1,0,1
14:02:08,0.6,312.72,0,187.632,0,0,0,311.375,0,0,60,1,0,1
14:02:09,0.6,312.75,0,187.65,0,0,0,311.125,0,0,60,1,0,1
14:02:10,0.5,312.78,0,156.39,0,0,0,311,0,0,60,1,0,1
14:02:11,0.5,312.81,0,156.405,0,0,0,310.875,0,0,60,1,0,1
14:02:12,0.5,312.84,0,156.42,0,0,0,311.25,0,0,60,1,0,1
14:02:13,3.3,312.68,0,1031.844,47,233,2,311.375,0.4,17,60,1,0,1
14:02:14,0.7,312.85,0,218.995,0,38,0,311.375,0.5,17,60,1,0,1
14:02:15,35.5,310.82,0,11034.11,202,676,22,309.1875,1.15,98,60,1,0,1
14:02:16,44.9,308.36,0,13845.364,177,1417,62,306.625,6.1,333,60,1,0,1
14:02:17,-1.5,312.63,468.945,0,12,931,4095,310.75,7.4,364,60,1,0,1
14:02:18,-1,312.8,312.8,0,14,681,4093,311.6875,5.1,282,60,1,0,1
14:02:19,-0.7,312.86,219.002,0,13,485,4094,310.875,4.5,218,60,1,0,1
14:02:20,0.7,312.81,0,218.967,0,58,4095,311.6875,1.1,56,60,1,0,1
14:02:21,0.5,312.87,0,156.435,0,0,0,310.25,0,0,60,1,0,1
14:02:22,0.7,312.88,0,219.016,0,0,0,310.5,0,0,60,1,0,1
14:02:23,1.5,312.84,0,469.26,10,77,0,311.25,0,0,60,1,0,1
14:02:24,1,312.79,0,312.79,12,272,2,311.625,-3.1,-153,60,1,0,1
14:02:25,27.3,311.74,0,8510.502,126,716,15,310.125,-2.13,-141,60,1,0,1
14:02:26,1,312.37,0,312.37,0,950,4,310.375,-6.8,-327,60,1,0,1
14:02:27,0.9,312.66,0,281.394,0,835,0,311,-6.3,-312,60,1,0,1
14:02:28,0.9,312.77,0,281.493,0,758,0,311.125,-5.7,-274,60,1,0,1
14:02:29,1.9,312.78,0,594.282,4,718,0,310.875,-4.12,-239,60,1,0,1
14:02:30,1.1,312.84,0,344.124,0,584,0,311.375,-4.2,-208,60,1,0,1
14:02:31,0.9,312.89,0,281.601,0,505,0,310.875,-3.6,-171,60,1,0,1
14:02:32,1.1,312.91,0,344.201,0,272,0,311.6875,-2,-100,60,1,0,1
14:02:33,1.2,312.95,0,375.54,0,77,0,310.875,-0.6,-21,60,1,0,1
14:02:34,7.4,312.69,0,2313.906,38,214,0,311.375,0.3,10,60,1,0,1
14:02:35,22.1,311.55,0,6885.255,110,734,18,309.4375,3.4,163,60,1,0,1
14:02:36,52.5,309.29,0,16237.725,153,1231,32,307.875,5.4,265,60,1,0,1
14:02:37,60.5,307.64,0,18612.22,173,1567,68,305.9375,8.14,444,60,1,0,1
14:02:38,26.9,310.19,0,8344.111,75,1484,29,308.5625,8.12,439,60,1,0,1
14:02:39,0.8,312.28,0,249.824,0,1108,0,311.6875,8.3,410,60,1,0,1
14:02:40,0.8,312.49,0,249.992,0,972,0,311.25,6.12,339,60,1,0,1
14:02:41,0.4,312.64,0,125.056,0,719,4095,311.5,5.9,278,60,1,0,1
14:02:42,0.7,312.73,0,218.911,0,602,4095,311.375,4.7,224,60,1,0,1
14:02:43,0.7,312.78,0,218.946,0,485,4095,311.5,3.7,173,60,1,0,1
14:02:44,0.8,312.82,0,250.256,0,311,4095,311.625,2.8,126,60,1,0,1
14:02:45,0.8,312.86,0,250.288,0,213,4095,310.875,1.11,85,60,1,0,1
14:02:46,0.7,312.9,0,219.03,0,58,0,311.25,0.13,42,60,1,0,1
14:02:47,0.6,312.95,0,187.77,0,0,0,311.125,0,0,60,1,0,1
14:02:48,0.6,312.99,0,187.794,0,0,0,311.25,0,0,60,1,0,1
14:02:49,0.6,313.01,0,187.806,0,0,0,311.375,0,0,60,1,0,1
14:02:50,0.6,313.03,0,187.818,0,0,0,310.75,0,0,60,1,0,1
14:02:51,0.5,313.07,0,156.535,0,0,0,311.5,0,0,60,1,0,1
14:02:52,0.6,313.06,0,187.836,0,0,0,311.375,0,0,60,1,0,1
14:02:53,0.5,313.1,0,156.55,0,0,0,310.5,0,0,60,1,0,1
14:02:54,0.5,313.13,0,156.565,0,0,0,311,0,0,60,1,0,1
14:02:55,0.6,313.14,0,187.884,0,0,0,311.6875,0,0,60,1,0,1
14:02:56,0.5,313.15,0,156.575,0,0,0,311.8125,0,0,60,1,0,1
14:02:57,0.5,313.17,0,156.585,0,0,0,311.125,0,0,60,1,0,1
14:02:58,0.5,313.19,0,156.595,0,0,0,311.8125,0,0,60,1,0,1
14:02:59,0.6,313.21,0,187.926,0,0,0,311.5,0,0,60,1,0,1
14:03:00,0.6,313.22,0,187.932,0,0,0,311,0,0,60,1,0,1
14:03:01,0.5,313.23,0,156.615,0,0,0,311.8125,0,0,60,1,0,1
14:03:01,0.6,313.23,0,187.938,0,0,0,0,0,0,60,1,0,0
14:03:02,0.6,313.25,0,187.95,0,0,0,311.375,0,0,60,1,0,0
14:03:03,0.6,313.26,0,187.956,0,0,0,311.8125,0,0,60,1,0,0
14:03:04,0.6,313.28,0,187.968,0,0,0,311.8125,0,0,60,1,0,0
14:03:05,0.6,313.27,0,187.962,0,0,0,311.625,0,0,60,1,0,0
14:03:06,0.6,313.31,0,187.986,0,0,0,311.5,0,0,60,1,0,0
14:03:07,0.6,313.3,0,187.98,0,0,0,311.625,0,0,60,1,0,0
14:03:08,0.6,313.31,0,187.986,0,0,0,311.5,0,0,60,1,0,0
14:03:09,0.6,313.33,0,187.998,0,0,0,311.25,0,0,60,1,0,0
14:03:10,0.6,313.34,0,188.004,0,0,0,311.5,0,0,60,1,0,0
14:03:11,0.6,313.35,0,188.01,0,0,0,311.625,0,0,60,1,0,0
14:03:12,0.5,313.37,0,156.685,0,0,0,311.125,0,0,60,1,0,0
14:03:13,0.5,313.37,0,156.685,0,0,0,311.625,0,0,60,1,0,0
14:03:14,0.5,313.38,0,156.69,0,0,0,311.5,0,0,60,1,0,0
14:03:15,0.5,313.38,0,156.69,0,0,0,311.8125,0,0,60,1,0,0
14:03:16,0.6,313.39,0,188.034,0,0,0,311.375,0,0,60,1,0,0
14:03:17,0.5,313.4,0,156.7,0,0,0,311.5,0,0,60,1,0,0
14:03:18,0.6,313.41,0,188.046,0,0,0,311.125,0,0,60,1,0,0
14:03:19,0.5,313.42,0,156.71,0,0,0,311.5,0,0,60,1,0,0
14:03:20,0.5,313.43,0,156.715,0,0,0,311.625,0,0,60,1,0,0
14:03:21,0.5,313.43,0,156.715,0,0,0,312.3125,0,0,60,1,0,0
14:03:22,0.5,313.44,0,156.72,0,0,0,311,0,0,60,1,0,0
14:03:23,0.5,313.44,0,156.72,0,0,0,311.5,0,0,60,1,0,0
14:03:24,0.5,313.45,0,156.725,0,0,0,311.375,0,0,60,1,0,0
14:03:25,0.5,313.47,0,156.735,0,0,0,312.1875,0,0,60,1,0,0
14:03:26,0.6,313.49,0,188.094,0,0,0,311.9375,0,0,60,1,0,0
14:03:27,0.6,313.49,0,188.094,0,0,0,312.3125,0,0,60,1,0,0
14:03:28,0.6,313.49,0,188.094,0,0,0,311.625,0,0,60,1,0,0
14:03:29,0.5,313.5,0,156.75,0,0,0,311.6875,0,0,60,1,0,0
14:03:30,0.5,313.51,0,156.755,0,0,0,311.625,0,0,60,1,0,0
14:03:31,0.5,313.51,0,156.755,0,0,0,312.0625,0,0,60,1,0,0
14:03:32,0.5,313.52,0,156.76,0,0,0,311.6875,0,0,60,1,0,0
14:03:33,0.5,313.52,0,156.76,0,0,0,311.25,0,0,60,1,0,0
14:03:34,0.5,313.53,0,156.765,0,0,0,311.5,0,0,60,1,0,0
14:03:35,0.6,313.53,0,188.118,0,0,0,312.3125,0,0,60,1,0,0
14:03:36,0.6,313.53,0,188.118,0,0,0,311.625,0,0,60,1,0,0
14:03:37,0.6,313.54,0,188.124,0,0,0,311.6875,0,0,60,1,0,0
14:03:38,0.6,313.56,0,188.136,0,0,0,312.1875,0,0,60,1,0,0
14:03:39,0.6,313.56,0,188.136,0,0,0,311.625,0,0,60,1,0,0
14:03:40,0.6,313.57,0,188.142,0,0,0,311.5,0,0,60,1,0,0
14:03:41,0.5,313.57,0,156.785,0,0,0,312.3125,0,0,60,1,0,0
14:03:42,0.6,313.57,0,188.142,0,0,0,311.8125,0,0,60,1,0,0
14:03:43,0.6,313.57,0,188.142,0,0,0,312.0625,0,0,60,1,0,0
14:03:44,0.6,313.59,0,188.154,0,0,0,311.5,0,0,60,1,0,0
14:03:45,0.6,313.58,0,188.148,0,0,0,311.6875,0,0,60,1,0,0
14:03:46,0.5,313.59,0,156.795,0,0,0,311.8125,0,0,60,1,0,0
14:03:47,0.5,313.59,0,156.795,0,0,0,311.6875,0,0,60,1,0,0
14:03:48,0.5,313.6,0,156.8,0,0,0,311.375,0,0,60,1,0,0
14:03:49,0.6,313.6,0,188.16,0,0,0,311.8125,0,0,60,1,0,0
14:03:50,0.5,313.61,0,156.805,0,0,0,311.8125,0,0,60,1,0,0
14:03:51,0.6,313.62,0,188.172,0,0,0,312.0625,0,0,60,1,0,0
14:03:52,0.6,313.62,0,188.172,0,0,0,312.5625,0,0,60,1,0,0
14:03:53,0.5,313.63,0,156.815,0,0,0,312.0625,0,0,60,1,0,0
14:03:54,0.5,313.64,0,156.82,0,0,0,311.9375,0,0,60,1,0,0
14:03:55,0.5,313.64,0,156.82,0,0,0,311.625,0,0,60,1,0,0
14:03:56,0.5,313.64,0,156.82,0,0,0,311.375,0,0,60,1,0,0
14:03:57,0.5,313.65,0,156.825,0,0,0,311.8125,0,0,60,1,0,0
14:03:58,0.6,313.65,0,188.19,0,0,0,311.5,0,0,60,1,0,0
14:03:59,0.6,313.65,0,188.19,0,0,0,312.0625,0,0,60,1,0,0
14:04:00,0.5,313.66,0,156.83,0,0,0,311.25,0,0,60,1,0,0
14:04:01,0.6,313.66,0,188.196,0,0,0,311.625,0,0,60,1,0,0
14:04:01,0,0,0,0,0,0,0,311.8125,0,0,0,0,0,0
14:04:02,0.6,313.66,0,188.196,0,0,0,311.5,0,0,60,1,0,0
14:04:03,0.6,313.67,0,188.202,0,0,0,311.8125,0,0,60,1,0,0
14:04:04,0.5,313.67,0,156.835,0,0,0,311.8125,0,0,60,1,0,0
14:04:05,0.6,313.66,0,188.196,0,0,0,312.1875,0,0,60,1,0,0
14:04:06,0.5,313.68,0,156.84,0,0,0,311.9375,0,0,60,1,0,0
14:04:07,0.6,313.68,0,188.208,0,0,0,311.8125,0,0,60,1,0,0
14:04:08,0.5,313.69,0,156.845,0,0,0,311.6875,0,0,60,1,0,0
14:04:09,0.5,313.69,0,156.845,0,0,0,311.375,0,0,60,1,0,0
14:04:10,0.6,313.69,0,188.214,0,0,0,311.9375,0,0,60,1,0,0
14:04:11,0.6,313.7,0,188.22,0,0,0,312.3125,0,0,60,1,0,0
14:04:12,0.5,313.7,0,156.85,0,0,0,311.625,0,0,60,1,0,0
14:04:13,0.5,313.7,0,156.85,0,0,0,312.0625,0,0,60,1,0,0
14:04:14,0.5,313.71,0,156.855,0,0,0,311.6875,0,0,60,1,0,0
14:04:15,0.5,313.71,0,156.855,0,0,0,312.3125,0,0,60,1,0,0
14:04:16,0.5,313.72,0,156.86,0,0,0,312.0625,0,0,60,1,0,0
14:04:17,0.6,313.71,0,188.226,0,0,0,311.625,0,0,60,1,0,0
14:04:18,0.6,313.72,0,188.232,0,0,0,311.9375,0,0,60,1,0,0
14:04:19,0.5,313.72,0,156.86,0,0,0,311.375,0,0,60,1,0,0
14:04:20,0.5,313.72,0,156.86,0,0,0,312.0625,0,0,60,1,0,0
14:04:21,0.6,313.73,0,188.238,0,0,0,311.6875,0,0,60,1,0,0
14:04:22,0.5,313.73,0,156.865,0,0,0,311.8125,0,0,60,1,0,0
14:04:23,0.5,313.73,0,156.865,0,0,0,311.6875,0,0,60,1,0,0
14:04:24,0.6,313.74,0,188.244,0,0,0,311.9375,0,0,60,1,0,0
14:04:25,0.6,313.74,0,188.244,0,0,0,312.1875,0,0,60,1,0,0
14:04:26,0.5,313.73,0,156.865,0,0,0,312.0625,0,0,60,1,0,0
14:04:27,0.5,313.75,0,156.875,0,0,0,311.625,0,0,60,1,0,0
14:04:28,0.5,313.74,0,156.87,0,0,0,312.1875,0,0,60,1,0,0
14:04:29,0.6,313.75,0,188.25,0,0,0,311.625,0,0,60,1,0,0
14:04:30,0.5,313.76,0,156.88,0,0,0,311.5,0,0,60,1,0,0
14:04:31,0.6,313.75,0,188.25,0,0,0,312.1875,0,0,60,1,0,0
14:04:32,0.5,313.77,0,156.885,0,0,0,311.625,0,0,60,1,0,0
14:04:33,0.6,313.75,0,188.25,0,0,0,311.9375,0,0,60,1,0,0
14:04:34,0.6,313.76,0,188.256,0,0,0,311.625,0,0,60,1,0,0
14:04:35,0.6,313.76,0,188.256,0,0,0,311.8125,0,0,60,1,0,0
14:04:36,0.6,313.77,0,188.262,0,0,0,312.4375,0,0,60,1,0,0
14:04:37,0.5,313.78,0,156.89,0,0,0,311.8125,0,0,60,1,0,0
14:04:38,0.6,313.77,0,188.262,0,0,0,311.6875,0,0,60,1,0,0
14:04:39,0.5,313.77,0,156.885,0,0,0,311.9375,0,0,60,1,0,0
14:04:40,0.6,313.78,0,188.268,0,0,0,312.1875,0,0,60,1,0,0
14:04:41,0.6,313.78,0,188.268,0,0,0,312.0625,0,0,60,1,0,0
14:04:42,0.6,313.78,0,188.268,0,0,0,310.875,0,0,60,1,0,0
14:04:43,0.5,313.79,0,156.895,0,0,0,311.6875,0,0,60,1,0,0
14:04:44,0.5,313.79,0,156.895,0,0,0,311.9375,0,0,60,1,0,0
14:04:45,0.5,313.79,0,156.895,0,0,0,311.9375,0,0,60,1,0,0
14:04:46,0.6,313.78,0,188.268,0,0,0,311.5,0,0,60,1,0,0
14:04:47,0.6,313.79,0,188.274,0,0,0,312.3125,0,0,60,1,0,0
14:04:48,0.5,313.79,0,156.895,0,0,0,312.3125,0,0,60,1,0,0
14:04:49,0.5,313.8,0,156.9,0,0,0,312.0625,0,0,60,1,0,0
14:04:50,0.6,313.81,0,188.286,0,0,0,311.5,0,0,60,1,0,0
14:04:51,0.6,313.8,0,188.28,0,0,0,311.8125,0,0,60,1,0,0
14:04:52,0.6,313.8,0,188.28,0,0,0,312.1875,0,0,60,1,0,0
14:04:53,0.5,313.81,0,156.905,0,0,0,311.8125,0,0,60,1,0,0
14:04:54,0.5,313.81,0,156.905,0,0,0,311.5,0,0,60,1,0,0
14:04:55,0.6,313.81,0,188.286,0,0,0,312.3125,0,0,60,1,0,0
14:04:56,0.6,313.81,0,188.286,0,0,0,312.5625,0,0,60,1,0,0
14:04:57,0.5,313.81,0,156.905,0,0,0,311.6875,0,0,60,1,0,0
14:04:58,0.5,313.82,0,156.91,0,0,0,312.0625,0,0,60,1,0,0
14:04:59,0.5,313.82,0,156.91,0,0,0,312.3125,0,0,60,1,0,0
14:05:00,0.6,313.82,0,188.292,0,0,0,312.3125,0,0,60,1,0,0
14:05:01,0.6,313.82,0,188.292,0,0,0,312.3125,0,0,60,1,0,0
14:05:02,0.5,313.82,0,156.91,0,0,0,311.9375,0,0,60,1,0,0
14:05:02,0.6,313.82,0,188.292,0,0,0,0,0,0,60,1,0,0
14:05:03,0.5,313.82,0,156.91,0,0,0,311.25,0,0,60,1,0,0
14:05:04,0.6,313.83,0,188.298,0,0,0,312.1875,0,0,60,1,0,0
14:05:05,0.6,313.83,0,188.298,0,0,0,312.0625,0,0,60,1,0,0
14:05:06,0.6,313.83,0,188.298,0,0,0,312.0625,0,0,60,1,0,0
14:05:07,0.5,313.83,0,156.915,0,0,0,312.4375,0,0,60,1,0,0
14:05:08,0.5,313.83,0,156.915,0,0,0,312.4375,0,0,60,1,0,0
14:05:09,0.5,313.83,0,156.915,0,0,0,311.8125,0,0,60,1,0,0
14:05:10,0.5,313.83,0,156.915,0,0,0,312.3125,0,0,60,1,0,0
14:05:11,0.6,313.83,0,188.298,0,0,0,311.5,0,0,60,1,0,0
14:05:12,0.5,313.84,0,156.92,0,0,0,311.8125,0,0,60,1,0,0
14:05:13,0.5,313.85,0,156.925,0,0,0,311.5,0,0,60,1,0,0
14:05:14,0.6,313.85,0,188.31,0,0,0,311.5,0,0,60,1,0,0
14:05:15,0.5,313.85,0,156.925,0,0,0,311.9375,0,0,60,1,0,0
14:05:16,0.6,313.85,0,188.31,0,0,0,312.3125,0,0,60,1,0,0
14:05:17,0.6,313.86,0,188.316,0,0,0,312.0625,0,0,60,1,0,0
14:05:18,0.5,313.85,0,156.925,0,0,0,312.4375,0,0,60,1,0,0
14:05:19,0.5,313.85,0,156.925,0,0,0,311.8125,0,0,60,1,0,0
14:05:20,0.6,313.86,0,188.316,0,0,0,312.3125,0,0,60,1,0,0
14:05:21,0.6,313.86,0,188.316,0,0,0,312.1875,0,0,60,1,0,0
14:05:22,0.6,313.85,0,188.31,0,0,0,311.8125,0,0,60,1,0,0
14:05:23,0.6,313.86,0,188.316,0,0,0,312.4375,0,0,60,1,0,0
14:05:24,0.5,313.86,0,156.93,0,0,0,312.1875,0,0,60,1,0,0
14:05:25,0.6,313.86,0,188.316,0,0,0,312.0625,0,0,60,1,0,0
14:05:26,0.5,313.87,0,156.935,0,0,0,312.1875,0,0,60,1,0,0
14:05:27,0.5,313.86,0,156.93,0,0,0,312.4375,0,0,60,1,0,0
14:05:28,0.5,313.86,0,156.93,0,0,0,311.8125,0,0,60,1,0,0
14:05:29,0.6,313.87,0,188.322,0,0,0,312.3125,0,0,60,1,0,0
14:05:30,0.5,313.86,0,156.93,0,0,0,311.5,0,0,60,1,0,0
14:05:31,0.6,313.87,0,188.322,0,0,0,312.9375,0,0,60,1,0,0
14:05:32,0.6,313.87,0,188.322,0,0,0,311.8125,0,0,60,1,0,0
14:05:33,0.5,313.87,0,156.935,0,0,0,311.8125,0,0,60,1,0,0
14:05:34,0.5,313.87,0,156.935,0,0,0,311.5,0,0,60,1,0,0
14:05:35,0.5,313.87,0,156.935,0,0,0,312.5625,0,0,60,1,0,0
14:05:36,0.6,313.86,0,188.316,0,0,0,312.0625,0,0,60,1,0,0
14:05:37,0.6,313.88,0,188.328,0,0,0,312.3125,0,0,60,1,0,0
14:05:38,0.5,313.87,0,156.935,0,0,0,312.1875,0,0,60,1,0,0
14:05:39,0.6,313.87,0,188.322,0,0,0,312.4375,0,0,60,1,0,0
14:05:40,0.6,313.88,0,188.328,0,0,0,312.3125,0,0,60,1,0,0
14:05:41,0.5,313.87,0,156.935,0,0,0,311.9375,0,0,60,1,0,0
14:05:42,0.5,313.89,0,156.945,0,0,0,312.0625,0,0,60,1,0,0
14:05:43,0.5,313.88,0,156.94,0,0,0,312.0625,0,0,60,1,0,0
14:05:44,0.5,313.89,0,156.945,0,0,0,312.3125,0,0,60,1,0,0
14:05:45,0.5,313.89,0,156.945,0,0,0,311.8125,0,0,60,1,0,0
14:05:46,0.6,313.89,0,188.334,0,0,0,312.1875,0,0,60,1,0,0
14:05:47,0.5,313.89,0,156.945,0,0,0,312.1875,0,0,60,1,0,0
14:05:48,0.5,313.89,0,156.945,0,0,0,311.9375,0,0,60,1,0,0
14:05:49,0.6,313.9,0,188.34,0,0,0,312.5625,0,0,60,1,0,0
14:05:50,0.5,313.89,0,156.945,0,0,0,311.6875,0,0,60,1,0,0
14:05:51,0.5,313.89,0,156.945,0,0,0,311.9375,0,0,60,1,0,0
14:05:52,0.5,313.9,0,156.95,0,0,0,311.5,0,0,60,1,0,0
14:05:53,0.5,313.9,0,156.95,0,0,0,312.3125,0,0,60,1,0,0
14:05:54,0.6,313.91,0,188.346,0,0,0,311.8125,0,0,60,1,0,0
14:05:55,0.5,313.9,0,156.95,0,0,0,312.8125,0,0,60,1,0,0
14:05:56,0.5,313.91,0,156.955,0,0,0,311.8125,0,0,60,1,0,0
14:05:57,0.5,313.9,0,156.95,0,0,0,311.375,0,0,60,1,0,0
14:05:58,0.6,313.91,0,188.346,0,0,0,312.3125,0,0,60,1,0,0
14:05:59,0.5,313.9,0,156.95,0,0,0,311,0,0,60,1,0,0
14:06:00,0.5,313.92,0,156.96,0,0,0,312.3125,0,0,60,1,0,0
14:06:01,0.6,313.91,0,188.346,0,0,0,312.5625,0,0,60,1,0,0
14:06:02,0.5,313.92,0,156.96,0,0,0,311.9375,0,0,60,1,0,0
14:06:02,0,0,0,0,0,0,0,312.1875,0,0,0,0,0,0
14:06:03,0.5,313.92,0,156.96,0,0,0,311.9375,0,0,60,1,0,0
14:06:04,0.5,313.91,0,156.955,0,0,0,311.9375,0,0,60,1,0,0
14:06:05,0.6,313.92,0,188.352,0,0,0,311.8125,0,0,60,1,0,0
14:06:06,0.6,313.93,0,188.358,0,0,0,311.6875,0,0,60,1,0,0
14:06:07,0.5,313.92,0,156.96,0,0,0,312.4375,0,0,60,1,0,0
14:06:08,0.6,313.92,0,188.352,0,0,0,311.9375,0,0,60,1,0,0
14:06:09,0.5,313.92,0,156.96,0,0,0,312.4375,0,0,60,1,0,0
14:06:10,0.6,313.92,0,188.352,0,0,0,311.625,0,0,60,1,0,0
14:06:11,0.6,313.93,0,188.358,0,0,0,311.8125,0,0,60,1,0,0
14:06:12,0.5,313.93,0,156.965,0,0,0,311.9375,0,0,60,1,0,0
14:06:13,0.5,313.92,0,156.96,0,0,0,311.6875,0,0,60,1,0,0
14:06:14,0.5,313.92,0,156.96,0,0,0,312.1875,0,0,60,1,0,0
14:06:15,0.5,313.92,0,156.96,0,0,0,312.9375,0,0,60,1,0,0
14:06:16,0.5,313.93,0,156.965,0,0,0,311.8125,0,0,60,1,0,0
14:06:17,0.6,313.92,0,188.352,0,0,0,311.8125,0,0,60,1,0,0
14:06:18,0.5,313.93,0,156.965,0,0,0,312.0625,0,0,60,1,0,0
14:06:19,0.5,313.92,0,156.96,0,0,0,311.8125,0,0,60,1,0,0
14:06:20,0.6,313.93,0,188.358,0,0,0,311.9375,0,0,60,1,0,0
14:06:21,0.5,313.93,0,156.965,0,0,0,312.4375,0,0,60,1,0,0
14:06:22,0.5,313.94,0,156.97,0,0,0,311.8125,0,0,60,1,0,0
14:06:23,0.5,313.94,0,156.97,0,0,0,312.1875,0,0,60,1,0,0
14:06:24,0.6,313.93,0,188.358,0,0,0,312.3125,0,0,60,1,0,0
14:06:25,0.6,313.94,0,188.364,0,0,0,312.4375,0,0,60,1,0,0
14:06:26,0.5,313.93,0,156.965,0,0,0,312.0625,0,0,60,1,0,0
14:06:27,0.6,313.95,0,188.37,0,0,0,312.5625,0,0,60,1,0,0
14:06:28,0.5,313.94,0,156.97,0,0,0,312.0625,0,0,60,1,0,0
14:06:29,0.5,313.93,0,156.965,0,0,0,311.625,0,0,60,1,0,0
14:06:30,0.5,313.95,0,156.975,0,0,0,312.3125,0,0,60,1,0,0
14:06:31,0.6,313.94,0,188.364,0,0,0,312.0625,0,0,60,1,0,0
14:06:32,0.5,313.95,0,156.975,0,0,0,311.625,0,0,60,1,0,0
14:06:33,0.5,313.95,0,156.975,0,0,0,312.3125,0,0,60,1,0,0
14:06:34,0.5,313.96,0,156.98,0,0,0,312.0625,0,0,60,1,0,0
14:06:35,0.5,313.95,0,156.975,0,0,0,312.3125,0,0,60,1,0,0
14:06:36,0.6,313.96,0,188.376,0,0,0,312.0625,0,0,60,1,0,0
14:06:37,0.5,313.96,0,156.98,0,0,0,312.4375,0,0,60,1,0,0
14:06:38,0.5,313.95,0,156.975,0,0,0,312.0625,0,0,60,1,0,0
14:06:39,0.6,313.96,0,188.376,0,0,0,311.9375,0,0,60,1,0,0
14:06:40,0.5,313.96,0,156.98,0,0,0,311.9375,0,0,60,1,0,0
14:06:41,0.6,313.96,0,188.376,0,0,0,311.625,0,0,60,1,0,0
14:06:42,0.6,313.96,0,188.376,0,0,0,312.1875,0,0,60,1,0,0
14:06:43,0.6,313.97,0,188.382,0,0,0,312.6875,0,0,60,1,0,0
14:06:44,0.5,313.96,0,156.98,0,0,0,312.3125,0,0,60,1,0,0
14:06:45,0.5,313.97,0,156.985,0,0,0,312.1875,0,0,60,1,0,0
14:06:46,0.6,313.97,0,188.382,0,0,0,312.3125,0,0,60,1,0,0
14:06:47,0.5,313.97,0,156.985,0,0,0,311.8125,0,0,60,1,0,0
14:06:48,0.5,313.96,0,156.98,0,0,0,311.8125,0,0,60,1,0,0
14:06:49,0.6,313.97,0,188.382,0,0,0,312.0625,0,0,60,1,0,0
14:06:50,0.5,313.97,0,156.985,0,0,0,312.3125,0,0,60,1,0,0
14:06:51,0.5,313.97,0,156.985,0,0,0,312.5625,0,0,60,1,0,0
14:06:52,0.5,313.97,0,156.985,0,0,0,311.9375,0,0,60,1,0,0
14:06:53,0.6,313.96,0,188.376,0,0,0,312.0625,0,0,60,1,0,0
14:06:54,0.5,313.97,0,156.985,0,0,0,311.9375,0,0,60,1,0,0
14:06:55,0.5,313.97,0,156.985,0,0,0,311.625,0,0,60,1,0,0
14:06:56,0.6,313.97,0,188.382,0,0,0,311.6875,0,0,60,1,0,0
14:06:57,0.6,313.97,0,188.382,0,0,0,311.6875,0,0,60,1,0,0
14:06:58,0.5,313.97,0,156.985,0,0,0,312.3125,0,0,60,1,0,0
14:06:59,0.6,313.98,0,188.388,0,0,0,312.3125,0,0,60,1,0,0
14:07:00,0.6,313.97,0,188.382,0,0,0,311.8125,0,0,60,1,0,0
14:07:01,0.5,313.97,0,156.985,0,0,0,312.1875,0,0,60,1,0,0
14:07:01,0.5,313.97,0,156.985,0,0,0,0,0,0,60,1,0,0
14:07:02,0.5,313.98,0,156.99,0,0,0,312.4375,0,0,60,1,0,0
14:07:03,0.6,313.97,0,188.382,0,0,0,312.1875,0,0,60,1,0,0
14:07:04,0.6,313.98,0,188.388,0,0,0,312.0625,0,0,60,1,0,0
14:07:05,0.5,313.98,0,156.99,0,0,0,312.8125,0,0,60,1,0,0
14:07:06,0.5,313.98,0,156.99,0,0,0,312.1875,0,0,60,1,0,0
14:07:07,0.6,313.98,0,188.388,0,0,0,312.0625,0,0,60,1,0,0
14:07:08,0.5,313.98,0,156.99,0,0,0,312.6875,0,0,60,1,0,0
14:07:09,0.5,313.97,0,156.985,0,0,0,312.0625,0,0,60,1,0,0
14:07:10,0.6,313.99,0,188.394,0,0,0,311.625,0,0,60,1,0,0
14:07:11,0.5,313.98,0,156.99,0,0,0,311.6875,0,0,60,1,0,0
14:07:12,0.5,313.99,0,156.995,0,0,0,312.1875,0,0,60,1,0,0
14:07:13,0.5,313.98,0,156.99,0,0,0,312.0625,0,0,60,1,0,0
14:07:14,0.5,313.99,0,156.995,0,0,0,311.9375,0,0,60,1,0,0
14:07:15,0.5,313.99,0,156.995,0,0,0,312.4375,0,0,60,1,0,0
14:07:16,0.6,313.99,0,188.394,0,0,0,311.8125,0,0,60,1,0,0
14:07:17,0.6,313.99,0,188.394,0,0,0,312.1875,0,0,60,1,0,0
14:07:18,0.6,313.99,0,188.394,0,0,0,312.9375,0,0,60,1,0,0
14:07:19,0.6,314,0,188.4,0,0,0,312.0625,0,0,60,1,0,0
14:07:20,0.6,314,0,188.4,0,0,0,311.375,0,0,60,1,0,0
14:07:21,0.5,314,0,157,0,0,0,312.0625,0,0,60,1,0,0
14:07:22,0.6,314,0,188.4,0,0,0,311.5,0,0,60,1,0,0
14:07:23,0.6,314,0,188.4,0,0,0,311.6875,0,0,60,1,0,0
14:07:24,0.5,313.99,0,156.995,0,0,0,311.6875,0,0,60,1,0,0
14:07:25,0.6,313.99,0,188.394,0,0,0,312.5625,0,0,60,1,0,0
14:07:26,0.6,313.99,0,188.394,0,0,0,312.3125,0,0,60,1,0,0
14:07:27,0.6,314,0,188.4,0,0,0,312.0625,0,0,60,1,0,0
14:07:28,0.5,313.99,0,156.995,0,0,0,311.625,0,0,60,1,0,0
14:07:29,0.5,314,0,157,0,0,0,312.0625,0,0,60,1,0,0
14:07:30,0.5,314,0,157,0,0,0,311.8125,0,0,60,1,0,0
14:07:31,0.5,314.01,0,157.005,0,0,0,311.8125,0,0,60,1,0,0
14:07:32,0.6,314,0,188.4,0,0,0,311.8125,0,0,60,1,0,0
14:07:33,0.6,314.01,0,188.406,0,0,0,312.3125,0,0,60,1,0,0
14:07:34,0.5,314.01,0,157.005,0,0,0,311.6875,0,0,60,1,0,0
14:07:35,0.5,314,0,157,0,0,0,311.6875,0,0,60,1,0,0
14:07:36,0.6,314,0,188.4,0,0,0,312.5625,0,0,60,1,0,0
14:07:37,0.6,314,0,188.4,0,0,0,312.3125,0,0,60,1,0,0
14:07:38,7.2,313.73,0,2258.856,71,331,3,311.8125,0.1,34,60,1,0,1
14:07:39,-0.3,313.92,94.176,0,10,175,4095,312.6875,1.7,74,60,1,0,1
14:07:40,0.7,313.96,0,219.772,0,38,0,311.8125,0.8,27,60,1,0,1
14:07:41,0.5,313.97,0,156.985,0,0,0,311.6875,0,0,60,1,0,1
14:07:42,12.5,313.41,0,3917.625,112,388,7,311,0.12,40,60,1,0,1
14:07:43,0.8,312.8,0,250.24,35,1048,24,310.375,6.7,323,60,1,0,1
14:07:44,-2.7,314.01,847.827,0,25,624,4092,312.4375,5.7,274,60,1,0,1
14:07:45,3.3,313.64,0,1035.012,10,800,1,312.3125,4.1,232,60,1,0,1
14:07:46,0.7,313.82,0,219.674,0,468,4095,311.8125,3.7,172,60,1,0,1
14:07:47,0.5,313.86,0,156.93,0,331,4095,311.8125,2.11,137,60,1,0,1
14:07:48,0.7,313.85,0,219.695,0,253,4095,312.6875,1.13,93,60,1,0,1
14:07:49,0.8,313.86,0,251.088,0,136,4095,311.5,1.2,58,60,1,0,1
14:07:50,0.7,313.88,0,219.716,0,19,0,312.1875,0.6,21,60,1,0,1
14:07:51,0.5,313.91,0,156.955,0,0,0,311.9375,0,0,60,1,0,1
14:07:52,0.5,313.92,0,156.96,0,0,0,312.1875,0,0,60,1,0,1
14:07:53,0.5,313.92,0,156.96,0,0,0,312.0625,0,0,60,1,0,1
14:07:54,3.7,313.79,0,1161.023,64,175,2,312.8125,0.9,31,60,1,0,1
14:07:55,8.7,313.23,0,2725.101,64,584,10,311.375,2.7,124,60,1,0,1
14:07:56,9.4,313.05,0,2942.67,51,779,11,311.6875,4.5,217,60,1,0,1
14:07:57,10.3,312.97,0,3223.591,43,991,11,311,5.11,285,60,1,0,1
14:07:58,4.4,313.37,0,1378.828,15,1052,4,311.6875,6.1,333,60,1,0,1
14:07:59,-2.4,313.96,753.504,0,12,975,0,311.9375,7.3,361,60,1,0,1
14:08:00,-2.8,314.13,879.564,0,20,917,4092,312.4375,7.3,362,60,1,0,1
14:08:01,0.4,313.99,0,125.596,6,897,4094,312.3125,6.14,345,60,1,0,1
14:08:01,0,0,0,0,5,0,0,311.9375,0,0,0,0,0,1
14:08:02,3.9,313.66,0,1223.274,6,1112,1,312.1875,6.14,346,60,1,0,1
14:08:03,9.6,313.12,0,3005.952,33,1128,9,311.25,6.12,340,60,1,0,1
14:08:04,10.4,313,0,3255.2,33,1223,10,310.625,7.7,372,60,1,0,1
14:08:05,7,313.12,0,2191.84,22,1300,8,311.125,8.3,412,60,1,0,1
14:08:06,3.5,313.42,0,1096.97,8,1324,4,311.625,8.1,431,60,1,0,1
14:08:07,0,313.81,0,0,0,1152,4095,312.4375,8.11,434,60,1,0,1
14:08:08,2.3,313.63,0,721.349,8,1265,2,311.625,8.6,420,60,1,0,1
14:08:09,6.7,313.35,0,2099.445,16,1248,5,312.1875,7.13,392,60,1,0,1
14:08:10,9,313.1,0,2817.9,27,1207,8,311.6875,7.1,381,60,1,0,1
14:08:11,10.8,312.82,0,3378.456,37,1263,12,311.125,7.12,389,60,1,0,1
14:08:12,11.4,312.7,0,3564.78,36,1281,12,310.75,8,402,60,1,0,1
14:08:13,12.3,312.69,0,3846.087,35,1302,12,310.75,8.2,407,60,1,0,1
14:08:14,10.3,312.66,0,3220.398,30,1339,12,310.875,8.3,410,60,1,0,1
14:08:15,10.5,312.7,0,3283.35,32,1321,11,311.125,8.3,410,60,1,0,1
14:08:16,10.9,312.64,0,3407.776,30,1321,11,310.75,8.3,409,60,1,0,1
14:08:17,12.3,312.49,0,3843.627,38,1378,13,310.875,8.7,423,60,1,0,1
14:08:18,8.2,312.78,0,2564.796,27,1441,10,310.875,9,451,60,1,0,1
14:08:19,3.6,313.18,0,1127.448,10,1480,4,311.375,9.1,482,60,1,0,1
14:08:20,0,313.5,0,0,0,1383,1,311.9375,9.13,493,60,1,0,1
14:08:21,2.4,313.42,0,752.208,5,1461,1,311.625,9.9,479,60,1,0,1
14:08:22,9.4,312.89,0,2941.166,24,1476,9,311.25,9.9,480,60,1,0,1
14:08:23,8.3,312.92,0,2597.236,20,1558,8,311.8125,10.2,507,60,1,0,1
14:08:24,6,313.05,0,1878.3,14,1592,6,311.25,10.6,520,60,1,0,1
14:08:25,6.3,313.01,0,1971.963,16,1597,6,311.8125,10.4,515,60,1,0,1
14:08:26,8,312.94,0,2503.52,20,1556,7,311.125,10.1,503,60,1,0,1
14:08:27,12,312.6,0,3751.2,33,1496,12,310.875,9.1,483,60,1,0,1
14:08:28,14.5,312.26,0,4527.77,37,1570,15,310,9.15,497,60,1,0,1
14:08:29,13.9,312.25,0,4340.275,37,1588,14,310.125,10.2,506,60,1,0,1
14:08:30,15.2,312.12,0,4744.224,39,1572,16,310.5,10.1,503,60,1,0,1
14:08:31,15.4,312.04,0,4805.416,42,1571,17,310.625,10.1,505,60,1,0,1
14:08:32,11.7,312.25,0,3653.325,29,1649,13,310.375,10.9,529,60,1,0,1
14:08:33,5.5,312.8,0,1720.4,13,1693,6,311.125,11.2,558,60,1,0,1
14:08:34,4.9,312.92,0,1533.308,11,1676,5,311.625,10.15,548,60,1,0,1
14:08:35,5.2,312.96,0,1627.392,12,1654,5,311.625,10.13,543,60,1,0,1
14:08:36,8.4,312.72,0,2626.848,21,1610,8,310.375,10.7,524,60,1,0,1
14:08:37,10.1,312.55,0,3156.755,23,1615,10,310.625,10.6,521,60,1,0,1
14:08:38,11.6,312.49,0,3624.884,25,1631,10,310.875,10.7,524,60,1,0,1
14:08:39,9.6,312.47,0,2999.712,24,1691,11,311.125,10.12,540,60,1,0,1
14:08:40,5.8,312.78,0,1814.124,12,1692,6,311.5,11.5,567,60,1,0,1
14:08:41,11.5,312.61,0,3595.015,19,1786,8,310.875,11.8,575,60,1,0,1
14:08:42,47.6,309.74,0,14743.624,89,2172,45,307.75,12.13,640,60,1,0,1
14:08:43,73.1,307.21,0,22457.051,105,2764,75,305.5625,16.5,817,60,1,0,1
14:08:44,44.7,310.73,0,13889.631,24,2461,8,310.125,16.9,829,60,1,0,1
14:08:45,147.6,298.48,0,44055.648,195,4104,184,295.8125,22.5,1115,60,1,0,1
14:08:46,-25.7,313.1,8046.67,0,26,3174,4076,311.8125,23.12,1188,60,1,0,1
14:08:47,-29.3,314.65,9219.245,0,40,2776,4069,312.9375,20.12,1039,60,1,0,1
14:08:48,-6.7,313.69,2101.723,0,16,2105,4083,312.0625,16.3,809,60,1,0,1
14:08:49,0.5,312.88,0,156.44,0,1205,4095,311.625,9.3,461,60,1,0,1
14:08:50,0.7,312.9,0,219.03,0,602,4095,310.75,4.9,230,60,1,0,1
14:08:51,33.1,310.93,0,10291.783,124,966,20,309.3125,4.15,247,60,1,0,1
14:08:52,92.3,306.72,0,28310.256,215,1807,67,304.375,8.9,428,60,1,0,1
14:08:53,0.4,311.69,0,124.676,0,1611,8,310.125,12,600,60,1,0,1
14:08:54,36.2,309.84,0,11216.208,65,1949,15,308.4375,13.8,677,60,1,0,1
14:08:55,21.1,309.42,0,6528.762,60,2338,54,307.25,15,752,60,1,0,1
14:08:56,69.9,309.03,0,21601.197,145,2558,43,302.9375,16.7,824,60,1,0,1
14:08:57,65.4,303.47,0,19846.938,135,3702,149,299.1875,22.6,1119,60,1,0,1
14:08:58,-0.5,311.57,155.785,0,0,2618,4095,310.25,18.14,945,60,1,0,1
14:08:59,0,311.95,0,0,0,1821,4095,310.25,13.5,667,60,1,0,1
14:09:00,0.6,312.17,0,187.302,0,853,4095,310.375,6.13,343,60,1,0,1
14:09:01,2.5,312.21,0,780.525,0,0,0,310.625,0,0,60,1,0,1
14:09:02,7.2,312.13,0,2247.336,0,0,0,0,0,0,60,1,0,0
14:09:03,84.9,305.33,0,25922.517,156,1667,109,304.5,-7.6,-370,60,1,0,1
14:09:04,38.6,308.64,0,11913.504,83,1989,44,306.625,-12,-606,60,1,0,1
14:09:05,9.4,310.93,0,2922.742,20,2030,12,309.1875,-13.5,-665,60,1,0,1
14:09:06,13.1,311.17,0,4076.327,29,2009,11,309.4375,-13.3,-661,60,1,0,1
14:09:07,23.8,310.32,0,7385.616,45,2102,23,308.8125,-13.6,-670,60,1,0,1
14:09:08,22.9,310.22,0,7104.038,43,2215,25,308.9375,-14.4,-716,60,1,0,1
14:09:09,25,310.01,0,7750.25,44,2333,27,308.25,-14.15,-749,60,1,0,1
14:09:10,9.3,311.04,0,2892.672,19,2454,14,309.5625,-16.5,-818,60,1,0,1
14:09:11,5.2,311.73,0,1620.996,8,2402,5,309.8125,-16.4,-813,60,1,0,1
14:09:12,-1.2,312.34,374.808,0,0,2278,4095,310.75,-16.2,-809,60,1,0,1
14:09:13,3.5,312.17,0,1092.595,5,2267,2,310.875,-15.6,-769,60,1,0,1
14:09:14,10,311.72,0,3117.2,18,2211,7,310.375,-14.12,-735,60,1,0,1
14:09:15,16.2,311.25,0,5042.25,32,2169,16,309.9375,-14.4,-714,60,1,0,1
14:09:16,17.8,311.03,0,5536.334,32,2204,18,309.1875,-14.7,-723,60,1,0,1
14:09:17,18.9,310.88,0,5875.632,34,2222,19,308.6875,-14.9,-729,60,1,0,1
14:09:18,16.2,311.04,0,5038.848,28,2278,17,309.6875,-14.15,-748,60,1,0,1
14:09:19,12.6,311.34,0,3922.884,19,2282,13,310,-15.4,-763,60,1,0,1
14:09:20,7.9,311.69,0,2462.351,16,2306,10,309.9375,-15.6,-771,60,1,0,1
14:09:21,4.8,312.09,0,1498.032,5,2209,4,309.9375,-15.1,-751,60,1,0,1
14:09:22,-1,312.65,312.65,0,0,1927,4094,311,-14.5,-714,60,1,0,1
14:09:23,1.6,312.47,0,499.952,0,1801,0,310.875,-12.11,-632,60,1,0,1
14:09:24,6.8,312.14,0,2122.552,10,1746,4,310.375,-11.9,-578,60,1,0,1
14:09:25,11.4,311.65,0,3552.81,0,1627,11,311,-10.8,-523,60,1,0,1
14:09:26,-0.4,312.67,125.068,0,0,1149,4095,311,-8.12,-438,60,1,0,1
14:09:27,0.9,312.71,0,281.439,0,584,0,311.6875,-4.15,-239,60,1,0,1
14:09:28,0.6,312.78,0,187.668,0,0,0,311.6875,0,0,60,1,0,1
14:09:29,0.5,312.85,0,156.425,0,0,0,311.375,0,1,60,1,0,1
14:09:30,0.9,312.86,0,281.574,5,77,0,310.75,0.1,5,60,1,0,1
14:09:31,29.3,310.14,0,9087.102,133,943,40,309.1875,3.1,168,60,1,0,1
14:09:32,34.6,309.96,0,10724.616,107,1444,37,308.25,7.9,389,60,1,0,1
14:09:33,16.7,310.64,0,5187.688,45,1828,32,309.1875,10.14,546,60,1,0,1
14:09:34,-4.2,312.25,1311.45,0,0,1225,0,311.25,9.3,462,60,1,0,1
14:09:35,-2.6,312.89,813.514,0,13,951,4092,311.25,7.11,385,60,1,0,1
14:09:36,0.2,312.81,0,62.562,8,641,4094,311,5.6,269,60,1,0,1
14:09:37,0.7,312.79,0,218.953,0,525,4095,310.875,3.11,187,60,1,0,1
14:09:38,0.8,312.83,0,250.264,0,271,4095,311.25,2.6,116,60,1,0,1
14:09:39,0.8,312.87,0,250.296,0,175,4095,311.25,1.6,69,60,1,0,1
14:09:40,1.1,312.89,0,344.179,10,19,0,311.25,0.4,14,60,1,0,1
14:09:41,87.5,307.54,0,26909.75,292,1389,88,305.1875,-6.3,-314,60,1,0,1
14:09:42,96.7,304.28,0,29423.876,157,2606,107,301.9375,-13.13,-699,60,1,0,1
14:09:43,45.3,307.5,0,13929.75,71,2939,59,305.4375,-19.1,-953,60,1,0,1
14:09:44,6.1,310.93,0,1896.673,8,3018,12,310.125,-20.8,-1024,60,1,0,1
14:09:45,-4.3,312.27,1342.761,0,4,2641,4092,311.125,-19.11,-986,60,1,0,1
14:09:46,-4.9,312.71,1532.279,0,8,2509,4090,311.125,-18.5,-915,60,1,0,1
14:09:47,0,312.5,0,0,0,2310,4095,311.25,-16.13,-841,60,1,0,1
14:09:48,2.8,312.34,0,874.552,5,2291,2,310.625,-15.12,-788,60,1,0,1
14:09:49,5.4,312.15,0,1685.61,9,2252,5,310.25,-15.4,-762,60,1,0,1
14:09:50,7.7,311.97,0,2402.169,13,2248,8,309.8125,-14.15,-749,60,1,0,1
14:09:51,7.7,311.94,0,2401.938,13,2269,8,311,-14.15,-747,60,1,0,1
14:09:52,6.4,312.16,0,1997.824,10,2254,5,310.25,-15.2,-757,60,1,0,1
14:09:53,5.8,312.21,0,1810.818,10,2250,6,310.125,-15.2,-756,60,1,0,1
14:09:54,12.6,311.75,0,3928.05,21,2194,11,310,-14.7,-722,60,1,0,1
14:09:55,19.1,311.11,0,5942.201,35,2165,19,310.125,-14.1,-704,60,1,0,1
14:09:56,1,312.69,0,312.69,0,1786,4094,311,-12.13,-640,60,1,0,1
14:09:57,26.6,310.71,0,8264.886,58,1931,26,309.4375,-12.1,-604,60,1,0,1
14:09:58,3.5,312.31,0,1093.085,8,1843,1,310,-12.9,-630,60,1,0,1
14:09:59,29,310.23,0,8996.67,57,2119,31,308.25,-13.5,-665,60,1,0,1
14:10:00,3.4,310.63,0,1056.142,20,2202,23,309.9375,-14.4,-713,60,1,0,1
14:10:01,-16.7,313.8,5240.46,0,39,1758,4081,312.3125,-13.6,-670,60,1,0,1
14:10:02,-14.6,314.11,4586.006,0,49,1288,4081,312.4375,-10.5,-518,60,1,0,1
14:10:02,0,0,0,0,44,0,0,311.9375,0,0,0,0,0,1
14:10:03,4.2,312.79,0,1313.718,11,1301,1,311.375,-8.9,-430,60,1,0,1
14:10:04,2.8,312.84,0,875.952,6,1442,0,311.5,-8.15,-447,60,1,0,1
14:10:05,117.7,301.13,0,35443.001,299,2305,130,299.8125,-11.4,-566,60,1,0,1
14:10:06,91.7,303.94,0,27871.298,133,3070,108,301.375,-17.13,-896,60,1,0,1
14:10:07,45.4,307.37,0,13954.598,55,3191,55,305.1875,-20.8,-1028,60,1,0,1
14:10:08,9.3,310.56,0,2888.208,16,3048,15,309.0625,-20.11,-1035,60,1,0,1
14:10:09,-6.9,312.39,2155.491,0,11,2696,4088,310.375,-19.14,-991,60,1,0,1
14:10:10,-8.6,312.65,2688.79,0,16,2316,4091,311,-17.4,-861,60,1,0,1
14:10:11,-1.6,312.6,500.16,0,4,1691,4092,311.375,-12.14,-638,60,1,0,1
14:10:12,0.7,312.44,0,218.708,0,1205,4091,311.25,-10.6,-519,60,1,0,1
14:10:13,0.9,312.46,0,281.214,0,330,0,310.625,-1.15,-104,60,1,0,1
14:10:14,1.3,312.5,0,406.25,0,252,0,310.625,-1.8,-77,60,1,0,1
14:10:15,2.6,312.48,0,812.448,45,38,1,310.5,-0.8,-29,60,1,0,1
14:10:16,51.9,308.52,0,16012.188,222,1034,57,305.8125,3.11,198,60,1,0,1
14:10:17,77.4,305.93,0,23678.982,176,1917,84,303.0625,9.13,498,60,1,0,1
14:10:18,96.5,303.94,0,29330.21,180,2510,99,301.9375,13.11,683,60,1,0,1
14:10:19,104.5,302.68,0,31630.06,143,3139,113,300.25,18.3,917,60,1,0,1
14:10:20,109.1,302.03,0,32951.473,126,3826,116,299.0625,22.7,1125,60,1,0,1
14:10:21,112.5,301.42,0,33909.75,115,4242,120,299.0625,26.5,1320,60,1,0,1
14:10:22,111.2,301.3,0,33504.56,98,4476,116,298.5625,30.4,1517,59,1,0,1
14:10:23,0,309.93,0,0,12,4173,0,307.875,30.4,1501,59,1,0,1
14:10:24,-23,312.04,7176.92,0,25,3729,4084,310.75,28.14,1442,59,1,0,1
14:10:25,-41.5,314.57,13054.655,0,49,3421,4056,312.5625,25.9,1273,59,1,0,1
14:10:26,-48.3,315.99,15262.317,0,64,2909,4046,314,21.14,1091,59,1,0,1
14:10:27,8.4,311.6,0,2617.44,8,3061,7,309.3125,20.5,1020,59,1,0,1
14:10:28,-0.1,311.88,31.188,0,0,2539,2,310.375,18.13,933,59,1,0,1
14:10:29,-8.6,312.84,2690.424,0,16,2356,4086,311.125,17.12,886,59,1,0,1
14:10:30,-11.4,313.18,3570.252,0,21,1928,4084,311.6875,14.13,738,59,1,0,1
14:10:31,5.7,312.05,0,1778.685,10,1880,2,310.75,12.6,623,59,1,0,1
14:10:32,0.4,312.23,0,124.892,0,1510,4095,310.75,11.8,566,59,1,0,1
14:10:33,1.4,312.25,0,437.15,4,1356,4095,310.125,9.3,460,59,1,0,1
14:10:34,69.8,306.52,0,21395.096,196,1783,87,303.75,9.11,483,59,1,0,1
14:10:35,-4.5,312.24,1405.08,0,13,1375,4092,311,10.11,535,59,1,0,1
14:10:36,73.9,308.22,0,22777.458,191,2156,47,303.5,10.13,556,59,1,0,1
14:10:37,-12.2,312.56,3813.232,0,27,1940,0,310.25,13.1,673,59,1,0,1
14:10:38,-15.2,313.26,4761.552,0,44,1460,4081,311.8125,11.8,572,59,1,0,1
14:10:39,-8.2,313.08,2567.256,0,36,1011,4087,311.6875,8.5,416,59,1,0,1
14:10:40,-3.3,312.78,1032.174,0,15,680,4092,311,5.12,288,59,1,0,1
14:10:41,0.7,312.45,0,218.715,0,699,0,310.875,4.11,236,59,1,0,1
14:10:42,0.7,312.48,0,218.736,0,544,0,310.5,3.13,192,59,1,0,1
14:10:43,0.7,312.51,0,218.757,0,466,0,310.5,3.11,187,59,1,0,1
14:10:44,1.3,312.52,0,406.276,0,408,0,310.75,2.8,126,59,1,0,1
14:10:45,0.7,312.58,0,218.806,0,233,4095,311.125,2.7,122,59,1,0,1
14:10:46,1.5,312.57,0,468.855,8,350,0,310.375,2,103,59,1,0,1
14:10:47,0.7,312.52,0,218.764,0,349,2,310.375,2.14,145,59,1,0,1
14:10:48,0.6,312.64,0,187.584,0,0,0,310.875,0,0,59,1,0,1
14:10:49,0.6,312.69,0,187.614,0,0,0,310.75,0,0,59,1,0,1
14:10:50,0.6,312.74,0,187.644,0,0,0,311.375,0,0,59,1,0,1
14:10:51,0.6,312.76,0,187.656,0,0,0,310.875,0,0,59,1,0,1
14:10:52,0.6,312.79,0,187.674,0,0,0,310.875,0,0,59,1,0,1
14:10:53,0.6,312.83,0,187.698,0,0,0,311.6875,0,0,59,1,0,1
14:10:54,0.6,312.86,0,187.716,0,0,0,311,0,0,59,1,0,1
14:10:55,0.5,312.89,0,156.445,0,0,0,310.75,0,0,59,1,0,1
14:10:56,0.6,312.91,0,187.746,0,0,0,311,0,0,59,1,0,1
14:10:57,0.6,312.94,0,187.764,0,0,0,311.25,0,0,59,1,0,1
14:10:58,0.6,312.96,0,187.776,0,0,0,310.5,0,0,59,1,0,1
14:10:59,0.6,312.99,0,187.794,0,0,0,311.25,0,0,59,1,0,1
14:11:00,0.5,313,0,156.5,0,0,0,310.625,0,0,59,1,0,1
14:11:01,0.5,313.02,0,156.51,0,0,0,311.625,0,0,59,1,0,1
14:11:01,0,0,0,0,0,0,0,310.875,0,0,0,0,0,0
14:11:02,0.5,313.05,0,156.525,0,0,0,311.25,0,0,59,1,0,0
14:11:03,0.5,313.07,0,156.535,0,0,0,311.8125,0,0,59,1,0,0
14:11:04,0.5,313.09,0,156.545,0,0,0,311.25,0,0,59,1,0,0
14:11:05,0.5,313.11,0,156.555,0,0,0,311.5,0,0,59,1,0,0
14:11:06,0.5,313.13,0,156.565,0,0,0,310.5,0,0,59,1,0,0
14:11:07,0.5,313.16,0,156.58,0,0,0,312.4375,0,0,59,1,0,0
14:11:08,0.5,313.16,0,156.58,0,0,0,311.5,0,0,59,1,0,0
14:11:09,0.5,313.18,0,156.59,0,0,0,311.8125,0,0,59,1,0,0
14:11:10,0.5,313.21,0,156.605,0,0,0,310.75,0,0,59,1,0,0
14:11:11,0.5,313.21,0,156.605,0,0,0,311.625,0,0,59,1,0,0
14:11:12,0.5,313.23,0,156.615,0,0,0,311.375,0,0,59,1,0,0
14:11:13,0.5,313.24,0,156.62,0,0,0,311.625,0,0,59,1,0,0
14:11:14,0.5,313.26,0,156.63,0,0,0,311.6875,0,0,59,1,0,0
14:11:15,0.5,313.27,0,156.635,0,0,0,311.625,0,0,59,1,0,0
14:11:16,0.5,313.3,0,156.65,0,0,0,311.9375,0,0,59,1,0,0
14:11:17,0.5,313.3,0,156.65,0,0,0,312.3125,0,0,59,1,0,0
14:11:18,0.5,313.29,0,156.645,0,0,0,311.625,0,0,59,1,0,0
14:11:19,0.5,313.33,0,156.665,0,0,0,311.625,0,0,59,1,0,0
14:11:20,0.5,313.34,0,156.67,0,0,0,311.5,0,0,59,1,0,0
14:11:21,0.5,313.35,0,156.675,0,0,0,311.625,0,0,59,1,0,0
14:11:22,0.5,313.35,0,156.675,0,0,0,311.375,0,0,59,1,0,0
14:11:23,0.5,313.38,0,156.69,0,0,0,311.6875,0,0,59,1,0,0
14:11:24,0.5,313.4,0,156.7,0,0,0,311,0,0,59,1,0,0
14:11:25,0.5,313.39,0,156.695,0,0,0,311.375,0,0,59,1,0,0
14:11:26,0.5,313.41,0,156.705,0,0,0,311.6875,0,0,59,1,0,0
14:11:27,0.5,313.43,0,156.715,0,0,0,311.125,0,0,59,1,0,0
14:11:28,0.5,313.42,0,156.71,0,0,0,311.8125,0,0,59,1,0,0
14:11:29,0.5,313.42,0,156.71,0,0,0,311.375,0,0,59,1,0,0
14:11:30,0.5,313.43,0,156.715,0,0,0,311.5,0,0,59,1,0,0
14:11:31,0.5,313.44,0,156.72,0,0,0,311.8125,0,0,59,1,0,0
14:11:32,0.5,313.47,0,156.735,0,0,0,311.625,0,0,59,1,0,0
14:11:33,0.5,313.48,0,156.74,0,0,0,311.8125,0,0,59,1,0,0
14:11:34,0.5,313.48,0,156.74,0,0,0,311.5,0,0,59,1,0,0
14:11:35,0.5,313.5,0,156.75,0,0,0,311.625,0,0,59,1,0,0
14:11:36,0.5,313.52,0,156.76,0,0,0,311.9375,0,0,59,1,0,0
14:11:37,0.5,313.51,0,156.755,0,0,0,311.8125,0,0,59,1,0,0
14:11:38,0.5,313.52,0,156.76,0,0,0,311.375,0,0,59,1,0,0
14:11:39,0.5,313.53,0,156.765,0,0,0,311.9375,0,0,59,1,0,0
14:11:40,0.5,313.53,0,156.765,0,0,0,311.9375,0,0,59,1,0,0
14:11:41,0.5,313.54,0,156.77,0,0,0,311.125,0,0,59,1,0,0
14:11:42,0.5,313.54,0,156.77,0,0,0,311.625,0,0,59,1,0,0
14:11:43,0.5,313.57,0,156.785,0,0,0,311.625,0,0,59,1,0,0
14:11:44,0.5,313.57,0,156.785,0,0,0,311.8125,0,0,59,1,0,0
14:11:45,0.5,313.58,0,156.79,0,0,0,312.6875,0,0,59,1,0,0
14:11:46,0.5,313.58,0,156.79,0,0,0,311.625,0,0,59,1,0,0
14:11:47,0.5,313.58,0,156.79,0,0,0,311.125,0,0,59,1,0,0
14:11:48,0.5,313.59,0,156.795,0,0,0,311.8125,0,0,59,1,0,0
14:11:49,0.5,313.6,0,156.8,0,0,0,311.375,0,0,59,1,0,0
14:11:50,0.5,313.6,0,156.8,0,0,0,311.6875,0,0,59,1,0,0
14:11:51,0.5,313.61,0,156.805,0,0,0,311.375,0,0,59,1,0,0
14:11:52,0.5,313.62,0,156.81,0,0,0,312.3125,0,0,59,1,0,0
14:11:53,0.5,313.63,0,156.815,0,0,0,311.625,0,0,59,1,0,0
14:11:54,0.5,313.63,0,156.815,0,0,0,311.9375,0,0,59,1,0,0
14:11:55,0.5,313.65,0,156.825,0,0,0,312.0625,0,0,59,1,0,0
14:11:56,0.5,313.64,0,156.82,0,0,0,311.6875,0,0,59,1,0,0
14:11:57,0.5,313.64,0,156.82,0,0,0,311.625,0,0,59,1,0,0
14:11:58,0.5,313.65,0,156.825,0,0,0,312.0625,0,0,59,1,0,0
14:11:59,0.5,313.66,0,156.83,0,0,0,311.9375,0,0,59,1,0,0
14:12:00,0.5,313.68,0,156.84,0,0,0,311.9375,0,0,59,1,0,0
14:12:01,0.5,313.68,0,156.84,0,0,0,311.6875,0,0,59,1,0,0
14:12:01,0,0,0,0,0,0,0,311.625,0,0,0,0,0,0
14:12:02,0.5,313.68,0,156.84,0,0,0,311.6875,0,0,59,1,0,0
14:12:03,0.5,313.68,0,156.84,0,0,0,312.1875,0,0,59,1,0,0
14:12:04,0.5,313.69,0,156.845,0,0,0,311.8125,0,0,59,1,0,0
14:12:05,0.5,313.69,0,156.845,0,0,0,312.4375,0,0,59,1,0,0
14:12:06,0.5,313.69,0,156.845,0,0,0,311.8125,0,0,59,1,0,0
14:12:07,0.5,313.7,0,156.85,0,0,0,311.9375,0,0,59,1,0,0
14:12:08,0.5,313.72,0,156.86,0,0,0,312.0625,0,0,59,1,0,0
14:12:09,0.5,313.71,0,156.855,0,0,0,312.3125,0,0,59,1,0,0
14:12:10,0.5,313.71,0,156.855,0,0,0,312.1875,0,0,59,1,0,0
14:12:11,0.5,313.72,0,156.86,0,0,0,311.375,0,0,59,1,0,0
14:12:12,0.5,313.71,0,156.855,0,0,0,311.6875,0,0,59,1,0,0
14:12:13,0.5,313.72,0,156.86,0,0,0,311.9375,0,0,59,1,0,0
14:12:14,0.5,313.73,0,156.865,0,0,0,311.8125,0,0,59,1,0,0
14:12:15,0.5,313.74,0,156.87,0,0,0,312.3125,0,0,59,1,1,0
14:12:16,0.5,313.75,0,156.875,0,0,0,312.0625,0,0,59,1,1,0
14:12:17,0.5,313.74,0,156.87,0,0,0,312.0625,0,0,59,1,1,0
14:12:18,0.5,313.75,0,156.875,0,0,0,311.9375,0,0,59,1,1,0
14:12:19,0.5,313.75,0,156.875,0,0,0,311.9375,0,0,59,1,1,0
14:12:20,0.5,313.76,0,156.88,0,0,0,311.9375,0,0,59,1,1,0
14:12:21,0.5,313.76,0,156.88,0,0,0,311.9375,0,0,59,1,1,0
14:12:22,0.5,313.77,0,156.885,0,0,0,311.625,0,0,59,1,1,0
14:12:23,0.5,313.78,0,156.89,0,0,0,311.9375,0,0,59,1,1,0
14:12:24,0.1,313.82,0,31.382,0,0,0,311.9375,0,0,59,1,1,0
14:12:25,-0.1,313.84,31.384,0,0,0,0,312.4375,0,0,59,1,1,0
14:12:26,-1.2,313.93,376.716,0,0,0,0,311.9375,0,0,59,1,1,0
14:12:27,-2.2,314.03,690.866,0,0,0,0,312.4375,0,0,59,1,1,0
14:12:28,-3,314.12,942.36,0,0,0,0,312.6875,0,0,59,1,1,0
14:12:29,-4,314.23,1256.92,0,0,0,0,312.6875,0,0,59,1,1,0
14:12:30,-4.9,314.34,1540.266,0,0,0,0,312.1875,0,0,59,1,1,0
14:12:31,-5.8,314.42,1823.636,0,0,0,0,312.4375,0,0,59,1,1,0
14:12:32,-6.7,314.57,2107.619,0,0,0,0,312.8125,0,0,59,1,1,0
14:12:33,-7.6,314.65,2391.34,0,0,0,0,312.3125,0,0,59,1,1,0
14:12:34,-8.6,314.8,2707.28,0,0,0,0,313.1875,0,0,59,1,1,0
14:12:35,-9.5,314.92,2991.74,0,0,0,0,313.75,0,0,59,1,1,0
14:12:36,-10.4,315.04,3276.416,0,0,0,0,313.75,0,0,59,1,1,0
14:12:37,-11.3,315.17,3561.421,0,0,0,0,313.0625,0,0,59,1,1,0
14:12:38,-12.3,315.26,3877.698,0,0,0,0,313.375,0,0,59,1,1,0
14:12:39,-13.2,315.43,4163.676,0,0,0,0,314.125,0,0,59,1,1,0
14:12:40,-14.1,315.55,4449.255,0,0,0,0,313.0625,0,0,59,1,1,0
14:12:41,-15,315.69,4735.35,0,0,0,0,313.375,0,0,59,1,1,0
14:12:42,-15.9,315.82,5021.538,0,0,0,0,313.875,0,0,59,1,1,0
14:12:43,-16.7,315.96,5276.532,0,0,0,0,313.75,0,0,59,1,1,0
14:12:44,-17.3,316.05,5467.665,0,0,0,0,314.5,0,0,59,1,1,0
14:12:45,-17.6,316.13,5563.888,0,0,0,0,313.625,0,0,60,1,1,0
14:12:46,-17.6,316.2,5565.12,0,0,0,0,314,0,0,60,1,1,0
14:12:47,-17.6,316.25,5566,0,0,0,0,314.25,0,0,60,1,1,0
14:12:48,-17.6,316.32,5567.232,0,0,0,0,314.5,0,0,60,1,1,0
14:12:49,-17.6,316.34,5567.584,0,0,0,0,313.75,0,0,60,1,1,0
14:12:50,-17.6,316.38,5568.288,0,0,0,0,314.875,0,0,60,1,1,0
14:12:51,-17.6,316.42,5568.992,0,0,0,0,314.625,0,0,60,1,1,0
14:12:52,-17.6,316.46,5569.696,0,0,0,0,315,0,0,60,1,1,0
14:12:53,-17.6,316.49,5570.224,0,0,0,0,314.625,0,0,60,1,1,0
14:12:54,-17.6,316.52,5570.752,0,0,0,0,314,0,0,60,1,1,0
14:12:55,-17.6,316.55,5571.28,0,0,0,0,314.625,0,0,60,1,1,0
14:12:56,-17.6,316.58,5571.808,0,0,0,0,314.375,0,0,60,1,1,0
14:12:57,-17.6,316.62,5572.512,0,0,0,0,314.875,0,0,60,1,1,0
14:12:58,-17.6,316.64,5572.864,0,0,0,0,314.875,0,0,60,1,1,0
14:12:59,-17.6,316.68,5573.568,0,0,0,0,314.375,0,0,60,1,1,0
14:13:00,-17.6,316.68,5573.568,0,0,0,0,315.1875,0,0,60,1,1,0
14:13:01,-17.6,316.72,5574.272,0,0,0,0,314.625,0,0,60,1,1,0
