Date, Odometer [km], Battery Energy Out (Operating) [kWh], Battery Energy In (Charging)[kWh], Hours Charging [h], Hours Operating [h], Hours Running [h]
2015-05-02,0001.98036458333,000.753392820277,00000000000000.0,00000000000000.0,000.100555555555,00.0905555555556                                                                                                                                                                                                   

Time Stamp, SOC [%], Battery Current [A], Battery Voltage [V], Battery Power Out (Operating) [kW], Battery Power In (Charging)[kW], Motor Current [AC A rms], Motor Voltage [AC V rms], Motor Controller Capacitor Voltage [V], Vehicle Speed [km/h], Motor Velocity [RPM], Current Highest Priority Fault, Traction State, Maximum Battery Discharge Current [A], Maximum Battery Charge Current [A], Motor Temperature [Celcius], Motor Controller Heatsink Temperature [Celcius], Battery Pack Highest Temperature [Celcius], Batt High Temp ID, Batter Pack Lowest Temperature [Celcius], Batt Low Temp ID, Charging, Operating, Running
14:16:01,0,0,0,0,0,26,0,310.9375,0,0,0,2,0,0,0,40,0,0,0,0,0,0,0,
14:16:02,76,20.6,313.22,6.452332,0,26,208.4375,312.25,22.9375,1146,0,2,250,65436,39,40,5654,1,22,1,0,1,1,
14:16:03,76,22.2,313.27,6.954594,0,26,209.1875,311.4375,22.9375,1146,0,2,250,65436,40,40,5654,1,22,1,0,1,1,
14:16:04,76,20.8,313.25,6.5156,0,27,211.75,311.5625,22.9375,1147,0,2,250,65436,40,40,5654,1,22,1,0,1,1,
14:16:05,76,19.9,313.3,6.23467,0,25,210.75,311.5625,22.9375,1148,0,2,250,65436,39,40,5654,1,22,1,0,1,1,
14:16:06,76,22.0,313.32,6.89304,0,27,207.0,311.875,22.9375,1147,0,2,250,65436,39,40,5654,1,22,1,0,1,1,
14:16:07,76,20.9,313.25,6.546925,0,27,209.1875,311.3125,22.875,1145,0,2,250,65436,40,40,5654,1,22,1,0,1,1,
14:16:08,76,22.9,313.31,7.174799,0,27,211.9375,310.6875,22.9375,1145,0,2,250,65436,40,40,5654,1,22,1,0,1,1,
14:16:09,76,22.5,313.22,7.04745,0,27,213.0,311.4375,22.875,1144,0,2,250,65436,40,40,5654,1,22,1,0,1,1,
14:16:10,76,21.5,313.27,6.735305,0,25,208.5625,312.25,22.9375,1148,0,2,250,65436,39,40,5654,1,22,1,0,1,1,
14:16:11,76,23.2,313.25,7.2674,0,28,212.0625,311.1875,22.9375,1148,0,2,250,65436,39,40,5654,1,22,1,0,1,1,
14:16:12,76,23.9,313.11,7.483329,0,30,208.9375,310.9375,22.8125,1142,0,2,250,65436,39,40,5654,1,22,1,0,1,1,
14:16:13,76,23.2,313.0,7.2616,0,31,209.9375,311.0625,22.8125,1142,0,2,250,65436,40,40,5654,1,22,1,0,1,1,
14:16:14,76,23.7,313.04,7.419048,0,29,206.4375,311.0625,22.875,1143,0,2,250,65436,42,40,5654,1,22,1,0,1,1,
14:16:15,76,26.7,312.96,8.356032,0,32,210.1875,310.9375,22.75,1139,0,2,250,65436,40,40,5654,1,22,1,0,1,1,
14:16:16,76,27.8,312.81,8.696118,0,33,211.0,310.4375,22.75,1139,0,2,250,65436,39,40,5654,1,22,1,0,1,1,
14:16:17,76,27.0,312.79,8.44533,0,33,213.625,310.6875,22.8125,1142,0,2,250,65436,38,40,5654,1,22,1,0,1,1,
14:16:18,76,29.8,312.75,9.31995,0,35,208.875,311.1875,22.875,1144,0,2,250,65436,39,40,5654,1,22,1,0,1,1,
14:16:19,76,29.7,312.63,9.285111,0,37,210.25,311.4375,22.8125,1142,0,2,250,65436,40,40,5654,1,22,1,0,1,1,
14:16:20,75,28.9,312.63,9.035007,0,36,208.9375,311.1875,22.875,1143,0,2,250,65436,41,40,5654,1,22,1,0,1,1,
14:16:21,75,27.4,312.63,8.566062,0,37,213.5625,310.4375,22.9375,1148,0,2,250,65436,40,40,5654,1,22,1,0,1,1,
14:16:22,75,27.4,312.65,8.56661,0,34,212.4375,310.6875,23.0,1149,0,2,250,65436,37,40,5654,1,22,1,0,1,1,
14:16:23,75,30.4,312.57,9.502128,0,36,209.9375,310.9375,22.875,1143,0,2,250,65436,40,40,5654,1,22,1,0,1,1,
14:16:24,75,30.3,312.55,9.470265,0,36,209.75,310.4375,23.0,1149,0,2,250,65436,40,40,5654,1,22,1,0,1,1,
14:16:25,75,28.3,312.66,8.848278,0,35,211.5,310.9375,23.0,1150,0,2,250,65436,39,41,5654,1,22,1,0,1,1,
14:16:26,75,27.0,312.64,8.44128,0,33,210.8125,310.9375,23.0,1150,0,2,250,65436,38,41,5654,1,22,1,0,1,1,
14:16:27,75,28.0,312.64,8.75392,0,34,212.5,310.9375,23.0,1149,0,2,250,65436,38,41,5654,1,22,1,0,1,1,
14:16:28,75,26.9,312.67,8.410823,0,35,211.25,310.6875,22.9375,1147,0,2,250,65436,38,40,5654,1,22,1,0,1,1,
14:16:29,75,27.2,312.68,8.504896,0,34,208.875,310.9375,23.0,1149,0,2,250,65436,40,41,5654,1,22,1,0,1,1,
14:16:30,75,28.9,312.57,9.033273,0,37,210.1875,311.3125,22.9375,1146,0,2,250,65436,39,41,5654,1,22,1,0,1,1,
14:16:31,75,30.0,312.52,9.3756,0,38,212.6875,310.6875,22.875,1144,0,2,250,65436,39,41,5654,1,22,1,0,1,1,
14:16:32,75,29.8,312.45,9.31101,0,37,211.0625,310.6875,22.875,1144,0,2,250,65436,40,41,5654,1,22,1,0,1,1,
14:16:33,75,28.6,312.39,8.934354,0,39,208.875,310.8125,22.875,1145,0,2,250,65436,41,41,5654,1,22,1,0,1,1,
14:16:34,75,30.8,312.43,9.622844,0,40,212.4375,310.5625,22.875,1144,0,2,250,65436,41,41,5654,1,22,1,0,1,1,
14:16:35,75,33.1,312.31,10.337461,0,39,212.25,310.3125,22.8125,1141,0,2,250,65436,41,41,5654,1,22,1,0,1,1,
14:16:36,75,30.7,312.27,9.586689,0,40,212.75,309.375,22.875,1144,0,2,250,65436,39,41,5654,1,22,1,0,1,1,
14:16:37,75,29.0,312.41,9.05989,0,37,211.3125,311.3125,23.0,1150,0,2,250,65436,40,41,5654,1,22,1,0,1,1,
14:16:38,75,29.8,312.35,9.30803,0,37,214.9375,311.1875,22.9375,1147,0,2,250,65436,40,41,5654,1,22,1,0,1,1,
14:16:39,75,31.9,312.37,9.964603,0,37,210.8125,310.5625,22.9375,1147,0,2,250,65436,40,41,5654,1,22,1,0,1,1,
14:16:40,75,31.3,312.28,9.774364,0,36,215.5,310.8125,22.9375,1147,0,2,250,65436,41,41,5654,1,22,1,0,1,1,
14:16:41,75,31.1,312.4,9.71564,0,36,208.8125,311.0625,23.0,1149,0,2,250,65436,41,41,5654,1,22,1,0,1,1,
14:16:42,75,30.6,312.33,9.557298,0,36,213.1875,310.1875,22.9375,1147,0,2,250,65436,41,41,5654,1,22,1,0,1,1,
14:16:43,75,28.0,312.33,8.74524,0,36,213.375,310.8125,23.0,1153,0,2,250,65436,40,41,5654,1,22,1,0,1,1,
14:16:44,75,26.2,312.31,8.182522,0,35,221.1875,310.6875,22.9375,1151,0,2,250,65436,39,41,5654,1,22,1,0,1,1,
14:16:45,75,29.1,312.36,9.089676,0,35,212.5,311.1875,23.0,1148,0,2,250,65436,39,41,5654,1,22,1,0,1,1,
14:16:46,75,30.5,312.31,9.525455,0,36,214.0,310.3125,22.875,1144,0,2,250,65436,39,41,5654,1,22,1,0,1,1,
14:16:47,75,30.3,312.33,9.463599,0,38,211.0625,310.6875,22.9375,1147,0,2,250,65436,40,41,5654,1,22,1,0,1,1,
14:16:48,75,34.5,312.18,10.77021,0,41,209.6875,309.875,22.8125,1140,0,2,250,65436,40,41,5654,1,22,1,0,1,1,
14:16:49,75,33.4,312.17,10.426478,0,37,210.8125,310.0,22.875,1145,0,2,250,65436,37,41,5654,1,22,1,0,1,1,
14:16:50,75,28.5,312.29,8.900265,0,32,212.1875,310.4375,23.0,1153,0,2,250,65436,37,41,5654,1,22,1,0,1,1,
14:16:51,75,26.0,312.42,8.12292,0,33,214.3125,310.125,23.125,1157,0,2,250,65436,37,41,5654,1,22,1,0,1,1,
14:16:52,75,26.8,312.54,8.376072,0,30,214.9375,311.0625,23.125,1157,0,2,250,65436,40,41,5654,1,22,1,0,1,1,
14:16:53,75,23.0,312.59,7.18957,0,31,212.0,311.0625,23.0625,1154,0,2,250,65436,40,41,5654,1,22,1,0,1,1,
14:16:54,75,23.8,312.6,7.43988,0,30,211.3125,311.3125,23.0625,1154,0,2,250,65436,38,41,5654,1,22,1,0,1,1,
14:16:55,75,27.3,312.54,8.532342,0,29,211.3125,311.0625,22.875,1145,0,2,250,65436,39,41,5654,1,22,1,0,1,1,
14:16:56,75,25.7,312.38,8.028166,0,32,212.6875,310.8125,22.9375,1149,0,2,250,65436,39,41,5654,1,22,1,0,1,1,
14:16:57,75,29.2,312.56,9.126752,0,36,209.8125,310.3125,22.875,1142,0,2,250,65436,39,41,5654,1,22,1,0,1,1,
14:16:58,75,27.6,312.49,8.624724,0,33,211.3125,310.9375,22.875,1147,0,2,250,65436,39,41,5654,1,22,1,0,1,1,
14:16:59,75,26.3,312.54,8.219802,0,30,210.1875,310.5625,23.0,1151,0,2,250,65436,39,41,5654,1,22,1,0,1,1,
14:17:00,75,24.3,312.57,7.595451,0,30,214.75,310.6875,23.0,1151,0,2,250,65436,38,41,5654,1,22,1,0,1,1,
14:17:01,75,24.4,312.66,7.628904,0,29,209.5625,310.3125,23.0625,1153,0,2,250,65436,38,41,5654,1,22,1,0,1,1,
14:17:01,75,24.5,312.66,7.66017,0,0,0,0,0,0,0,0,0,0,0,0,0,0,0,0,0,1,0,
14:17:02,75,24.0,312.64,7.50336,0,28,213.8125,311.5625,23.0,1149,0,2,250,65436,40,41,5654,1,22,1,0,1,1,
14:17:03,75,25.0,312.67,7.81675,0,31,210.25,311.1875,22.9375,1147,0,2,250,65436,40,41,5654,1,22,1,0,1,1,
14:17:04,75,23.4,312.59,7.314606,0,31,213.8125,310.8125,22.875,1145,0,2,250,65436,39,41,5654,1,22,1,0,1,1,
14:17:05,75,23.4,312.68,7.316712,0,29,213.75,311.0625,23.0,1150,0,2,250,65436,40,41,5654,1,22,1,0,1,1,
14:17:06,75,25.6,312.55,8.00128,0,30,211.3125,311.875,22.875,1147,0,2,250,65436,40,41,5654,1,22,1,0,1,1,
14:17:07,75,27.2,312.52,8.500544,0,31,211.25,311.0625,22.8125,1142,0,2,250,65436,37,41,5654,1,22,1,0,1,1,
14:17:08,75,24.8,312.31,7.745288,0,38,209.5625,310.5625,22.8125,1136,0,2,250,65436,39,41,5654,1,22,1,0,1,1,
14:17:09,75,29.1,312.37,9.089967,0,35,209.5625,311.1875,22.8125,1141,0,2,250,65436,39,41,5654,1,22,1,0,1,1,
14:17:10,75,28.9,312.46,9.030094,0,33,211.625,311.0625,22.9375,1147,0,2,250,65436,37,41,5654,1,22,1,0,1,1,
14:17:11,75,24.2,312.57,7.564194,0,31,212.25,310.5625,23.0625,1153,0,2,250,65436,38,41,5654,1,22,1,0,1,1,
14:17:12,75,25.0,312.69,7.81725,0,30,208.625,310.8125,23.125,1156,0,2,250,65436,39,41,5654,1,22,1,0,1,1,
14:17:13,75,23.9,312.68,7.473052,0,30,210.125,311.625,23.0625,1153,0,2,250,65436,38,41,5654,1,22,1,0,1,1,
14:17:14,75,24.9,312.68,7.785732,0,30,211.125,311.3125,22.9375,1148,0,2,250,65436,39,41,5654,1,22,1,0,1,1,
14:17:15,75,24.9,312.6,7.78374,0,34,210.0,310.3125,22.875,1145,0,2,250,65436,37,41,5654,1,22,1,0,1,1,
14:17:16,75,23.6,312.59,7.377124,0,30,213.5625,311.0625,23.0,1149,0,2,250,65436,39,41,5654,1,22,1,0,1,1,
14:17:17,75,22.5,312.69,7.035525,0,28,209.3125,311.5625,23.0625,1155,0,2,250,65436,41,41,5654,1,22,1,0,1,1,
14:17:18,75,21.5,312.79,6.724985,0,24,211.875,311.4375,23.0625,1154,0,2,250,65436,40,41,5654,1,22,1,0,1,1,
14:17:19,75,22.3,312.88,6.977224,0,26,215.125,310.6875,23.0625,1152,0,2,250,65436,39,41,5654,1,22,1,0,1,1,
14:17:20,75,20.1,312.88,6.288888,0,25,208.9375,310.9375,23.0625,1152,0,2,250,65436,39,41,5654,1,22,1,0,1,1,
14:17:21,75,21.9,312.9,6.85251,0,26,211.5,310.8125,22.9375,1148,0,2,250,65436,39,40,5654,1,22,1,0,1,1,
14:17:22,75,22.1,312.9,6.91509,0,26,209.0625,311.4375,22.9375,1148,0,2,250,65436,38,40,5654,1,22,1,0,1,1,
14:17:23,75,22.6,312.9,7.07154,0,26,212.625,311.4375,22.875,1145,0,2,250,65436,40,40,5654,1,22,1,0,1,1,
14:17:24,75,22.8,312.81,7.132068,0,29,208.9375,311.0625,22.875,1144,0,2,250,65436,40,40,5654,1,22,1,0,1,1,
14:17:25,75,24.3,312.84,7.602012,0,29,210.4375,310.6875,22.875,1145,0,2,250,65436,38,40,5654,1,22,1,0,1,1,
14:17:26,75,25.5,312.67,7.973085,0,32,210.0,310.3125,22.75,1138,0,2,250,65436,37,40,5654,1,22,1,0,1,1,
14:17:27,75,31.2,312.38,9.746256,0,37,209.8125,310.5625,22.5625,1130,0,2,250,65436,38,40,5654,1,22,1,0,1,1,
14:17:28,75,33.0,312.25,10.30425,0,41,207.125,310.1875,22.625,1132,0,2,250,65436,36,40,5654,1,22,1,0,1,1,
14:17:29,75,34.1,312.11,10.642951,0,41,211.3125,310.125,22.625,1132,0,2,250,65436,39,41,5654,1,22,1,0,1,1,
14:17:30,75,32.7,312.05,10.204035,0,40,210.75,310.0,22.8125,1142,0,2,250,65436,39,41,5654,1,22,1,0,1,1,
14:17:31,75,31.1,312.25,9.710975,0,35,211.125,310.3125,23.125,1156,0,2,250,65436,40,41,5654,1,22,1,0,1,1,
14:17:32,75,27.8,312.45,8.68611,0,32,215.8125,310.4375,23.125,1156,0,2,250,65436,40,41,5654,1,22,1,0,1,1,
14:17:33,75,23.3,312.62,7.284046,0,29,213.625,310.5625,23.25,1164,0,2,250,65436,36,41,5654,1,22,1,0,1,1,
14:17:34,75,21.6,312.75,6.7554,0,25,212.625,311.3125,23.25,1163,0,2,250,65436,37,41,5654,1,22,1,0,1,1,
14:17:35,75,22.0,312.85,6.8827,0,25,213.625,311.0625,23.125,1157,0,2,250,65436,37,41,5654,1,22,1,0,1,1,
14:17:36,75,21.8,312.82,6.819476,0,24,212.625,311.0625,23.125,1157,0,2,250,65436,39,40,5654,1,22,1,0,1,1,
14:17:37,75,20.3,312.88,6.351464,0,25,210.5,311.1875,23.0625,1153,0,2,250,65436,39,40,5654,1,22,1,0,1,1,
14:17:38,75,22.4,312.85,7.00784,0,25,209.125,311.0625,23.0,1150,0,2,250,65436,39,40,5654,1,22,1,0,1,1,
14:17:39,75,24.1,312.77,7.537757,0,26,212.625,310.6875,22.875,1143,0,2,250,65436,38,40,5654,1,22,1,0,1,1,
14:17:40,75,27.4,312.57,8.564418,0,31,212.125,310.125,22.75,1137,0,2,250,65436,37,40,5654,1,22,1,0,1,1,
14:17:41,75,29.5,312.34,9.21403,0,38,209.6875,310.4375,22.625,1132,0,2,250,65436,39,40,5654,1,22,1,0,1,1,
14:17:42,75,30.5,312.33,9.526065,0,35,209.4375,310.8125,22.6875,1135,0,2,250,65436,40,40,5654,1,22,1,0,1,1,
14:17:43,75,31.5,312.18,9.83367,0,36,210.875,310.1875,22.8125,1140,0,2,250,65436,39,40,5654,1,22,1,0,1,1,
14:17:44,75,31.9,312.21,9.959499,0,35,209.375,310.8125,22.875,1144,0,2,250,65436,39,40,5654,1,22,1,0,1,1,
14:17:45,75,30.8,312.21,9.616068,0,38,209.5625,310.5625,22.9375,1145,0,2,250,65436,37,40,5654,1,22,1,0,1,1,
14:17:46,75,29.3,312.31,9.150683,0,34,212.1875,310.8125,23.0,1151,0,2,250,65436,38,40,5654,1,22,1,0,1,1,
14:17:47,75,28.1,312.23,8.773663,0,32,211.8125,310.5625,23.0,1149,0,2,250,65436,39,40,5654,1,22,1,0,1,1,
14:17:48,75,28.6,312.29,8.931494,0,32,208.9375,310.125,23.0625,1152,0,2,250,65436,40,40,5654,1,22,1,0,1,1,
14:17:49,75,26.1,312.35,8.152335,0,31,214.75,310.5625,23.0625,1153,0,2,250,65436,40,40,5654,1,22,1,0,1,1,
14:17:50,75,26.2,312.36,8.183832,0,30,212.4375,310.1875,23.0625,1153,0,2,250,65436,40,40,5654,1,22,1,0,1,1,
14:17:51,75,25.7,312.42,8.029194,0,31,213.5,310.4375,23.0,1151,0,2,250,65436,39,40,5654,1,22,1,0,1,1,
14:17:52,75,26.2,312.4,8.18488,0,28,215.125,311.1875,23.0,1150,0,2,250,65436,40,40,5654,1,22,1,0,1,1,
14:17:53,75,27.6,312.34,8.620584,0,28,211.25,310.9375,22.9375,1150,0,2,250,65436,42,40,5654,1,22,1,0,1,1,
14:17:54,75,27.4,312.39,8.559486,0,30,208.9375,311.1875,22.9375,1148,0,2,250,65436,43,40,5654,1,22,1,0,1,1,
14:17:55,75,26.9,312.32,8.401408,0,29,209.9375,310.8125,22.9375,1148,0,2,250,65436,40,40,5654,1,22,1,0,1,1,
14:17:56,75,27.5,312.34,8.58935,0,33,210.125,311.0625,22.9375,1144,0,2,250,65436,41,40,5654,1,22,1,0,1,1,
14:17:57,75,28.2,312.24,8.805168,0,32,207.5625,310.5625,22.875,1142,0,2,250,65436,40,40,5654,1,22,1,0,1,1,
14:17:58,75,30.7,312.19,9.584233,0,34,212.1875,311.1875,22.875,1142,0,2,250,65436,39,40,5654,1,22,1,0,1,1,
14:17:59,74,30.4,312.22,9.491488,0,33,213.75,311.0625,22.9375,1146,0,2,250,65436,38,40,5654,1,22,1,0,1,1,
14:18:00,74,28.6,312.26,8.930636,0,32,207.25,311.5625,23.0,1150,0,2,250,65436,39,40,5654,1,22,1,0,1,1,
14:18:01,74,25.8,312.4,8.05992,0,29,208.9375,310.8125,23.0625,1155,0,2,250,65436,39,40,5654,1,22,1,0,1,1,
14:18:02,74,26.6,312.43,8.310638,0,0,0,0,0,0,0,0,0,0,0,0,0,0,0,0,0,1,0,
14:18:03,74,25.1,312.54,7.844754,0,28,215.9375,310.8125,23.0625,1154,0,2,250,65436,36,40,5654,1,22,1,0,1,1,
14:18:04,74,25.9,312.47,8.092973,0,27,208.875,310.4375,23.0,1150,0,2,250,65436,37,40,5654,1,22,1,0,1,1,
14:18:05,74,24.2,312.55,7.56371,0,26,212.125,310.4375,23.0,1150,0,2,250,65436,38,40,5654,1,22,1,0,1,1,
14:18:06,74,26.4,312.39,8.247096,0,29,208.4375,311.0625,22.9375,1146,0,2,250,65436,39,40,5654,1,22,1,0,1,1,
14:18:07,74,24.5,312.36,7.65282,0,31,210.875,310.3125,22.875,1145,0,2,250,65436,36,40,5654,1,22,1,0,1,1,
14:18:08,74,29.5,312.35,9.214325,0,32,213.5,310.6875,22.875,1142,0,2,250,65436,38,40,5654,1,22,1,0,1,1,
14:18:09,74,30.5,312.47,9.530335,0,29,212.25,310.5625,22.9375,1146,0,2,250,65436,38,40,5654,1,22,1,0,1,1,
14:18:10,74,28.2,312.22,8.804604,0,31,211.125,310.5625,22.75,1140,0,2,250,65436,38,40,5654,1,22,1,0,1,1,
14:18:11,74,32.9,312.2,10.27138,0,32,210.125,310.6875,22.875,1139,0,2,250,65436,39,40,5654,1,22,1,0,1,1,
14:18:12,74,28.8,312.14,8.989632,0,30,212.125,310.4375,22.9375,1150,0,2,250,65436,36,40,5654,1,22,1,0,1,1,
14:18:13,74,32.8,312.02,10.234256,0,40,209.375,310.3125,22.75,1136,0,2,250,65436,39,40,5654,1,22,1,0,1,1,
14:18:14,74,33.7,311.96,10.513052,0,33,213.375,310.3125,22.9375,1146,0,2,250,65436,37,40,5654,1,22,1,0,1,1,
14:18:15,74,30.1,312.03,9.392103,0,34,214.375,309.875,23.0,1150,0,2,250,65436,39,41,5654,1,22,1,0,1,1,
14:18:16,74,31.5,312.02,9.82863,0,38,207.125,310.1875,22.9375,1146,0,2,250,65436,40,41,5654,1,22,1,0,1,1,
14:18:17,74,32.2,311.94,10.044468,0,35,213.3125,309.875,22.9375,1146,0,2,250,65436,39,41,5654,1,22,1,0,1,1,
14:18:18,74,29.5,312.04,9.20518,0,30,214.75,310.5625,23.0625,1155,0,2,250,65436,38,41,5654,1,22,1,0,1,1,
14:18:19,74,29.3,312.09,9.144237,0,32,213.0,310.3125,23.0625,1154,0,2,250,65436,39,41,5654,1,22,1,0,1,1,
14:18:20,74,28.5,312.21,8.897985,0,29,210.5625,310.8125,23.0625,1153,0,2,250,65436,41,41,5654,1,22,1,0,1,1,
14:18:21,74,25.7,312.38,8.028166,0,30,213.625,310.4375,23.0625,1155,0,2,250,65436,39,41,5654,1,22,1,0,1,1,
14:18:22,74,24.3,312.41,7.591563,0,25,210.875,310.8125,23.1875,1159,0,2,250,65436,40,41,5654,1,22,1,0,1,1,
14:18:23,74,22.2,312.4,6.93528,0,28,212.375,310.9375,23.0,1151,0,2,250,65436,38,40,5654,1,22,1,0,1,1,
14:18:24,74,27.1,312.39,8.465769,0,28,210.6875,310.5625,22.9375,1148,0,2,250,65436,39,40,5654,1,22,1,0,1,1,
14:18:25,74,26.0,312.29,8.11954,0,29,213.25,310.3125,22.875,1144,0,2,250,65436,37,40,5654,1,22,1,0,1,1,
14:18:26,74,28.4,312.39,8.871876,0,31,212.75,310.3125,23.0,1151,0,2,250,65436,38,40,5654,1,22,1,0,1,1,
14:18:27,74,25.5,312.39,7.965945,0,26,211.125,310.1875,23.0,1149,0,2,250,65436,39,40,5654,1,22,1,0,1,1,
14:18:28,74,24.5,312.26,7.65037,0,28,208.8125,310.8125,22.9375,1147,0,2,250,65436,40,40,5654,1,22,1,0,1,1,
14:18:29,74,28.4,312.26,8.868184,0,33,209.0625,311.0625,22.9375,1146,0,2,250,65436,39,40,5654,1,22,1,0,1,1,
14:18:30,74,29.9,312.2,9.33478,0,35,213.375,310.3125,22.8125,1140,0,2,250,65436,40,40,5654,1,22,1,0,1,1,
14:18:31,74,32.6,312.16,10.176416,0,35,209.4375,310.4375,22.8125,1141,0,2,250,65436,40,40,5654,1,22,1,0,1,1,
14:18:32,74,29.5,312.15,9.208425,0,30,210.8125,310.4375,22.9375,1147,0,2,250,65436,40,41,5654,1,22,1,0,1,1,
14:18:33,74,28.4,312.16,8.865344,0,32,211.0,310.3125,22.9375,1148,0,2,250,65436,38,41,5654,1,22,1,0,1,1,
14:18:34,74,29.9,312.17,9.333883,0,32,211.125,310.5625,23.0,1149,0,2,250,65436,40,41,5654,1,22,1,0,1,1,
14:18:35,74,27.2,312.21,8.492112,0,31,212.125,310.5625,23.0,1150,0,2,250,65436,42,41,5654,1,22,1,0,1,1,
14:18:36,74,29.1,312.2,9.08502,0,30,211.0625,310.6875,23.0,1149,0,2,250,65436,40,41,5654,1,22,1,0,1,1,
14:18:37,74,28.9,312.26,9.024314,0,35,209.0625,310.3125,22.875,1145,0,2,250,65436,41,41,5654,1,22,1,0,1,1,
14:18:38,74,28.4,312.13,8.864492,0,31,210.5625,310.3125,22.9375,1146,0,2,250,65436,41,41,5654,1,22,1,0,1,1,
14:18:39,74,29.2,312.23,9.117116,0,31,211.0625,310.1875,23.0,1149,0,2,250,65436,42,41,5654,1,22,1,0,1,1,
14:18:40,74,27.2,312.27,8.493744,0,29,214.3125,310.8125,23.0625,1153,0,2,250,65436,41,41,5654,1,22,1,0,1,1,
14:18:41,74,23.4,312.39,7.309926,0,27,211.0625,310.8125,23.125,1156,0,2,250,65436,41,41,5654,1,22,1,0,1,1,
14:18:42,74,23.9,312.53,7.469467,0,26,211.0625,311.3125,23.125,1158,0,2,250,65436,42,41,5654,1,22,1,0,1,1,
14:18:43,74,22.5,312.54,7.03215,0,24,210.5625,311.625,23.0625,1155,0,2,250,65436,43,40,5654,1,22,1,0,1,1,
14:18:44,74,21.2,312.61,6.627332,0,24,216.0,310.6875,23.0625,1152,0,2,250,65436,40,40,5654,1,22,1,0,1,1,
14:18:45,74,22.0,312.6,6.8772,0,26,209.0625,310.6875,23.0,1149,0,2,250,65436,39,40,5654,1,22,1,0,1,1,
14:18:46,74,-22.1,315.1,-6.96371,0,35,181.25,314.3125,22.125,1103,0,6,250,65436,40,40,5654,1,22,1,0,1,1,
14:18:47,74,-29.6,315.77,-9.346792,0,51,157.125,314.0625,19.3125,962,0,6,250,65436,40,41,5654,1,22,1,0,1,1,
14:18:48,74,-24.3,315.86,-7.675398,0,54,127.75,313.6875,15.875,790,0,6,250,65436,40,41,5654,1,22,1,0,1,1,
14:18:49,74,-20.0,315.74,-6.3148,0,59,96.9375,314.1875,12.5,621,0,6,250,65436,41,41,5654,1,22,1,0,1,1,
14:18:50,74,-11.1,315.42,-3.501162,0,54,67.3125,313.9375,9.1875,457,0,6,250,65436,42,41,5654,1,22,1,0,1,1,
14:18:51,74,-2.7,314.93,-0.850311,0,39,42.8125,313.6875,6.125,306,0,6,250,65436,43,41,5654,1,22,1,0,1,1,
14:18:52,74,2.2,314.64,0.692208,0,15,24.375,313.4375,3.8125,191,0,6,250,65436,43,41,5654,1,22,1,0,1,1,
14:18:53,74,3.7,314.5,1.16365,0,0,20.75,313.9375,2.25,115,0,6,250,65436,42,41,5654,1,22,1,0,1,1,
14:18:54,74,4.0,314.54,1.25816,0,0,6.0625,313.0,1.0625,54,0,6,250,65436,43,41,5654,1,22,1,0,1,1,
14:18:55,74,3.0,314.55,0.94365,0,0,0.0,313.0,0.0,0,0,0,250,65436,43,41,5654,1,22,1,0,1,0,
14:18:56,74,3.5,314.57,1.100995,0,0,0.0,312.25,0.0,0,17737,0,250,65436,40,40,5654,1,22,1,0,1,0,
14:18:57,74,3.0,314.59,0.94377,0,0,0.0,312.875,0.0,0,17737,0,250,65436,41,40,5654,1,22,1,0,1,0,
14:18:58,74,3.7,314.62,1.164094,0,0,0.0,312.875,0.0,0,17737,0,250,65436,40,40,5654,1,22,1,0,1,0,
14:18:59,74,3.4,314.64,1.069776,0,0,0.0,312.625,0.0,0,17737,0,250,65436,38,40,5654,1,22,1,0,1,0,
14:19:00,74,3.6,314.66,1.132776,0,0,0.0,313.0,0.0,0,17737,0,250,65436,41,40,5654,1,22,1,0,1,0,
14:19:01,74,4.6,314.61,1.447206,0,0,0.0,312.75,0.0,0,0,0,250,65436,40,39,5654,1,22,1,0,1,0,
14:19:02,74,4.4,314.61,1.384284,0,0,0.0,312.875,0.0,0,0,0,250,65436,43,39,5654,1,22,1,0,1,0,
14:19:02,0,0,0,0,0,0,0,312.75,0,0,0,0,0,0,0,39,0,0,0,0,0,0,0,
14:19:03,74,4.9,314.62,1.541638,0,0,0.0,312.875,0.0,0,0,0,250,65436,43,39,5654,1,22,1,0,1,0,
14:19:04,74,4.9,314.63,1.541687,0,0,0.0,313.0625,0.0,0,0,0,250,65436,42,39,5654,1,22,1,0,1,0,
14:19:05,74,4.7,314.64,1.478808,0,0,0.0,312.75,0.0,0,0,0,250,65436,40,39,5654,1,22,1,0,1,0,
14:19:06,74,4.4,314.69,1.384636,0,0,0.0,312.75,0.0,0,0,0,250,65436,41,39,5654,1,22,1,0,1,0,
14:19:07,74,4.3,314.69,1.353167,0,0,0.0,312.625,0.0,0,0,0,250,65436,40,39,5654,1,22,1,0,1,0,
14:19:08,74,4.7,314.7,1.47909,0,0,0.0,312.625,0.0,0,0,0,250,65436,42,39,5654,1,22,1,0,1,0,
14:19:09,74,4.2,314.73,1.321866,0,0,0.0,312.375,0.0,0,0,0,250,65436,42,39,5654,1,22,1,0,1,0,
14:19:10,74,4.9,314.73,1.542177,0,0,0.0,312.875,0.0,0,0,0,250,65436,39,39,5654,1,22,1,0,1,0,
14:19:11,74,4.8,314.75,1.5108,0,0,0.0,312.375,0.0,0,0,0,250,65436,42,39,5654,1,22,1,0,1,0,
14:19:12,74,4.4,314.74,1.384856,0,0,0.0,313.4375,0.0,0,0,0,250,65436,43,39,5654,1,22,1,0,1,0,
14:19:13,74,4.8,314.76,1.510848,0,0,0.0,312.75,0.0,0,0,0,250,65436,42,39,5654,1,22,1,0,1,0,
14:19:14,74,4.4,314.79,1.385076,0,0,0.0,313.4375,0.0,0,0,0,250,65436,42,39,5654,1,22,1,0,1,0,
14:19:15,74,4.8,314.8,1.51104,0,0,0.0,313.1875,0.0,0,0,0,250,65436,39,38,5654,1,22,1,0,1,0,
14:19:16,74,3.4,314.81,1.070354,0,0,0.0,312.75,0.0,0,0,0,250,65436,39,38,5654,1,22,1,0,1,0,
14:19:17,74,3.8,314.91,1.196658,0,0,0.0,313.0,0.0,0,0,0,250,65436,42,38,5654,1,22,1,0,1,0,
14:19:18,74,3.4,314.91,1.070694,0,0,0.0,312.625,0.0,0,0,0,250,65436,40,38,5654,1,22,1,0,1,0,
14:19:19,74,4.1,314.94,1.291254,0,0,0.0,313.3125,0.0,0,0,0,250,65436,42,38,5654,1,22,1,0,1,0,
14:19:20,74,3.4,314.96,1.070864,0,0,0.0,312.875,0.0,0,0,0,250,65436,42,38,5654,1,22,1,0,1,0,
14:19:21,74,3.9,314.98,1.228422,0,0,0.0,313.8125,0.0,0,0,0,250,65436,41,38,5654,1,22,1,0,1,0,
14:19:22,74,3.2,314.99,1.007968,0,0,0.0,313.3125,0.0,0,0,0,250,65436,41,38,5654,1,22,1,0,1,0,
14:19:23,74,4.0,315.0,1.26,0,0,0.0,313.5625,0.0,0,0,0,250,65436,40,38,5654,1,22,1,0,1,0,
14:19:24,74,3.2,315.0,1.008,0,0,0.0,313.1875,0.0,0,0,0,250,65436,42,38,5654,1,22,1,0,1,0,
14:19:25,74,3.9,315.02,1.228578,0,0,0.0,313.3125,0.0,0,0,0,250,65436,42,38,5654,1,22,1,0,1,0,
14:19:26,74,3.4,315.03,1.071102,0,0,0.0,312.5,0.0,0,0,0,250,65436,42,38,5654,1,22,1,0,1,0,
14:19:27,74,3.6,315.04,1.134144,0,0,0.0,313.4375,0.0,0,0,0,250,65436,44,38,5654,1,22,1,0,1,0,
14:19:28,74,6.2,314.9,1.95238,0,56,13.375,313.0625,0.3125,16,0,2,250,65436,40,38,5654,1,22,1,0,1,1,
14:19:29,74,16.4,314.4,5.15616,0,96,35.4375,313.1875,2.0,100,0,2,250,65436,37,38,5654,1,22,1,0,1,1,
14:19:30,74,47.3,312.6,14.78598,0,166,72.5,310.5625,5.4375,272,0,2,250,65436,39,39,5654,1,22,1,0,1,1,
14:19:31,74,49.2,312.23,15.361716,0,111,105.5625,310.1875,9.8125,491,0,2,250,65436,41,41,5654,1,22,1,0,1,1,
14:19:32,74,68.3,310.97,21.239251,0,128,138.625,308.8125,13.0625,653,0,2,250,65436,38,42,5654,1,22,1,0,1,1,
14:19:33,74,87.3,309.72,27.038556,0,129,174.25,307.5625,16.5625,829,0,2,250,65436,40,42,5654,1,22,1,0,1,1,
14:19:34,74,85.0,309.31,26.29135,0,112,201.6875,307.5625,19.75,989,0,2,250,65436,39,43,5654,1,22,1,0,1,1,
14:19:35,74,72.9,309.74,22.580046,0,82,215.1875,307.8125,22.1875,1110,0,2,250,65436,39,43,5654,1,22,1,0,1,1,
14:19:36,74,57.5,310.51,17.854325,0,66,220.1875,308.3125,23.6875,1184,0,2,250,65436,39,43,5654,1,22,1,0,1,1,
14:19:37,74,46.9,311.15,14.592935,0,45,233.1875,309.75,24.5625,1229,0,2,250,65436,40,43,5654,1,22,1,0,1,1,
14:19:38,74,28.7,312.15,8.958705,0,28,228.0625,310.5625,24.9375,1246,0,2,250,65436,40,42,5654,1,22,1,0,1,1,
14:19:39,74,16.6,312.96,5.195136,0,16,223.625,311.4375,24.6875,1235,0,2,250,65436,40,42,5654,1,22,1,0,1,1,
14:19:40,74,14.7,313.24,4.604628,0,13,218.9375,311.5625,24.1875,1211,0,2,250,65436,39,42,5654,1,22,1,0,1,1,
14:19:41,74,14.4,313.35,4.51224,0,16,214.625,311.625,23.6875,1184,0,2,250,65436,38,42,5654,1,22,1,0,1,1,
14:19:42,74,18.6,313.18,5.825148,0,20,211.75,311.875,23.25,1163,0,2,250,65436,37,41,5654,1,22,1,0,1,1,
14:19:43,74,20.8,313.03,6.511024,0,23,211.5625,311.3125,22.9375,1147,0,2,250,65436,37,41,5654,1,22,1,0,1,1,
14:19:44,74,24.7,312.87,7.727889,0,27,208.875,311.0625,22.75,1138,0,2,250,65436,39,41,5654,1,22,1,0,1,1,
14:19:45,74,27.1,312.73,8.474983,0,28,211.125,311.0625,22.6875,1135,0,2,250,65436,37,41,5654,1,22,1,0,1,1,
14:19:46,74,29.7,312.45,9.279765,0,33,211.125,311.3125,22.625,1132,0,2,250,65436,37,41,5654,1,22,1,0,1,1,
14:19:47,74,27.8,312.46,8.686388,0,34,208.9375,310.9375,22.75,1137,0,2,250,65436,37,41,5654,1,22,1,0,1,1,
14:19:48,74,29.6,312.5,9.25,0,33,211.25,310.6875,22.8125,1143,0,2,250,65436,38,41,5654,1,22,1,0,1,1,
14:19:49,74,27.9,312.56,8.720424,0,31,211.0,310.3125,22.9375,1148,0,2,250,65436,37,41,5654,1,22,1,0,1,1,
14:19:50,74,25.0,312.61,7.81525,0,30,211.5,311.0625,23.0,1151,0,2,250,65436,38,41,5654,1,22,1,0,1,1,
14:19:51,74,26.8,312.56,8.376608,0,32,212.4375,310.9375,22.9375,1147,0,2,250,65436,36,41,5654,1,22,1,0,1,1,
14:19:52,74,27.6,312.63,8.628588,0,28,211.25,310.6875,23.0,1150,0,2,250,65436,38,41,5654,1,22,1,0,1,1,
14:19:53,74,26.4,312.54,8.251056,0,30,213.375,310.9375,22.875,1144,0,2,250,65436,38,41,5911,2,22,1,0,1,1,
14:19:54,74,26.5,312.54,8.28231,0,31,209.8125,311.1875,22.9375,1147,0,2,250,65436,38,41,5654,1,22,1,0,1,1,
14:19:55,74,25.4,312.61,7.940294,0,29,212.1875,311.75,23.0,1150,0,2,250,65436,40,41,5911,2,22,1,0,1,1,
14:19:56,74,25.0,312.65,7.81625,0,29,210.0,311.0625,23.0,1149,0,2,250,65436,41,41,5911,2,22,1,0,1,1,
14:19:57,74,25.9,312.61,8.096599,0,29,213.75,310.4375,22.9375,1147,0,2,250,65436,41,41,5911,2,22,1,0,1,1,
14:19:58,74,25.2,312.65,7.87878,0,28,214.0625,310.9375,23.0,1150,0,2,250,65436,40,41,5654,1,22,1,0,1,1,
14:19:59,74,26.7,312.58,8.345886,0,30,206.4375,310.8125,22.9375,1147,0,2,250,65436,41,41,5654,1,22,1,0,1,1,
14:20:00,74,25.3,312.6,7.90878,0,28,209.9375,310.6875,22.9375,1147,0,2,250,65436,40,41,5654,1,22,1,0,1,1,
14:20:01,74,26.6,312.49,8.312234,0,31,211.25,310.8125,22.8125,1143,0,2,250,65436,40,41,5654,1,22,1,0,1,1,
14:20:01,74,27.9,312.46,8.717634,0,0,0,0,0,0,0,0,0,0,0,0,0,0,0,0,0,1,0,
14:20:02,74,28.9,312.4,9.02836,0,35,208.625,310.5625,22.8125,1140,0,2,250,65436,42,41,5654,1,22,1,0,1,1,
14:20:03,74,30.7,312.35,9.589145,0,37,208.25,310.4375,22.8125,1139,0,2,250,65436,42,41,5654,1,22,1,0,1,1,
14:20:04,74,29.4,312.3,9.18162,0,34,208.3125,310.3125,22.875,1145,0,2,250,65436,41,42,5654,1,22,1,0,1,1,
14:20:05,74,28.3,312.37,8.840071,0,32,212.125,310.4375,23.0,1150,0,2,250,65436,40,42,5654,1,22,1,0,1,1,
14:20:06,74,26.9,312.42,8.404098,0,29,213.3125,310.125,23.0,1152,0,2,250,65436,38,42,5911,2,22,1,0,1,1,
14:20:07,74,27.2,312.38,8.496736,0,30,211.5625,310.4375,23.0,1150,0,2,250,65436,40,42,5911,2,22,1,0,1,1,
14:20:08,74,26.2,312.36,8.183832,0,30,210.375,310.125,22.9375,1147,0,2,250,65436,40,42,5911,2,22,1,0,1,1,
14:20:09,74,28.8,312.37,8.996256,0,32,209.375,310.4375,22.9375,1148,0,2,250,65436,40,42,5654,1,22,1,0,1,1,
14:20:10,74,28.7,312.39,8.965593,0,32,210.125,310.9375,22.9375,1146,0,2,250,65436,40,42,5654,1,22,1,0,1,1,
14:20:11,74,30.0,312.3,9.369,0,32,213.5,310.4375,22.875,1145,0,2,250,65436,40,42,5911,2,22,1,0,1,1,
14:20:12,73,30.4,312.28,9.493312,0,35,209.4375,310.125,22.875,1144,0,2,250,65436,42,42,5654,1,22,1,0,1,1,
14:20:13,73,30.5,312.24,9.52332,0,35,210.75,310.4375,22.875,1145,0,2,250,65436,42,42,5654,1,22,1,0,1,1,
14:20:14,73,32.0,312.16,9.98912,0,33,212.1875,310.5625,22.875,1146,0,2,250,65436,42,42,5654,1,22,1,0,1,1,
14:20:15,73,30.9,312.11,9.644199,0,36,212.4375,310.4375,22.875,1143,0,2,250,65436,40,42,5911,2,22,1,0,1,1,
14:20:16,73,31.0,312.1,9.6751,0,36,213.625,310.5625,22.9375,1145,0,2,250,65436,38,42,5654,1,22,1,0,1,1,
14:20:17,73,31.7,312.17,9.895789,0,36,209.4375,310.3125,22.9375,1145,0,2,250,65436,40,42,5654,1,22,1,0,1,1,
14:20:18,73,30.8,312.18,9.615144,0,33,214.4375,310.3125,23.0,1151,0,2,250,65436,41,42,5911,2,22,1,0,1,1,
14:20:19,73,30.9,312.06,9.642654,0,34,212.25,310.3125,22.9375,1146,0,2,250,65436,40,42,5654,1,22,1,0,1,1,
14:20:20,73,29.9,312.03,9.329697,0,38,208.4375,310.4375,22.9375,1146,0,2,250,65436,40,42,5911,2,22,1,0,1,1,
14:20:21,73,30.4,312.03,9.485712,0,36,213.3125,310.5625,22.9375,1148,0,2,250,65436,40,42,5654,1,22,1,0,1,1,
14:20:22,73,29.6,312.08,9.237568,0,34,212.1875,310.4375,23.0,1150,0,2,250,65436,42,42,5911,2,22,1,0,1,1,
14:20:23,73,29.2,312.04,9.111568,0,36,210.8125,310.4375,22.9375,1147,0,2,250,65436,42,42,5911,2,22,1,0,1,1,
14:20:24,73,28.1,312.15,8.771415,0,31,213.25,310.1875,23.0,1151,0,2,250,65436,39,42,5911,2,22,1,0,1,1,
14:20:25,73,28.9,312.17,9.021713,0,33,211.3125,310.6875,23.0,1151,0,2,250,65436,41,42,5911,2,22,1,0,1,1,
14:20:26,73,27.6,312.17,8.615892,0,30,213.5625,310.6875,23.0,1151,0,2,250,65436,41,42,5911,2,22,1,0,1,1,
14:20:27,73,26.7,312.3,8.33841,0,29,212.625,310.8125,23.125,1156,0,2,250,65436,41,42,5654,1,22,1,0,1,1,
14:20:28,73,25.2,312.45,7.87374,0,28,208.4375,310.3125,23.125,1156,0,2,250,65436,40,42,5654,1,22,1,0,1,1,
14:20:29,73,24.7,312.37,7.715539,0,27,212.1875,310.4375,23.0,1151,0,2,250,65436,41,42,5911,2,22,1,0,1,1,
14:20:30,73,24.1,312.47,7.530527,0,27,212.5,310.3125,23.0,1151,0,2,250,65436,41,42,5911,2,22,1,0,1,1,
14:20:31,73,22.9,312.48,7.155792,0,29,208.6875,310.5625,23.0,1150,0,2,250,65436,42,42,5911,2,22,1,0,1,1,
14:20:32,73,24.2,312.5,7.5625,0,26,214.0625,311.0625,23.0,1149,0,2,250,65436,42,42,5911,2,22,1,0,1,1,
14:20:33,73,23.2,312.47,7.249304,0,27,209.9375,310.9375,22.9375,1148,0,2,250,65436,42,42,5911,2,22,1,0,1,1,
14:20:34,73,25.3,312.37,7.902961,0,29,207.5,310.6875,22.875,1144,0,2,250,65436,41,42,5911,2,22,1,0,1,1,
14:20:35,73,25.3,312.41,7.903973,0,28,210.8125,310.4375,22.9375,1146,0,2,250,65436,42,42,5654,1,22,1,0,1,1,
14:20:36,73,23.6,312.46,7.374056,0,24,212.5,310.6875,23.0625,1152,0,2,250,65436,41,42,5911,2,22,1,0,1,1,
14:20:37,73,24.1,312.55,7.532455,0,25,212.25,310.5625,23.0625,1153,0,2,250,65436,41,42,5911,2,22,1,0,1,1,
14:20:38,73,19.8,312.74,6.192252,0,23,213.3125,310.3125,23.125,1158,0,2,250,65436,42,42,5911,2,22,1,0,1,1,
14:20:39,73,17.2,312.81,5.380332,0,20,214.0,311.1875,23.125,1156,0,2,250,65436,41,42,5654,1,22,1,0,1,1,
14:20:40,73,18.1,312.92,5.663852,0,19,210.25,310.9375,23.125,1157,0,2,250,65436,41,42,5911,2,22,1,0,1,1,
14:20:41,73,17.7,312.89,5.538153,0,21,208.9375,311.1875,23.0625,1152,0,2,250,65436,41,42,5911,2,22,1,0,1,1,
14:20:42,73,20.0,312.8,6.256,0,22,212.625,311.3125,22.875,1143,0,2,250,65436,42,42,5911,2,22,1,0,1,1,
14:20:43,73,22.3,312.67,6.972541,0,26,213.75,311.5625,22.75,1138,0,2,250,65436,39,42,5911,2,22,1,0,1,1,
14:20:44,73,23.5,312.65,7.347275,0,27,211.125,310.8125,22.8125,1140,0,2,250,65436,41,42,5911,2,22,1,0,1,1,
14:20:45,73,25.0,312.51,7.81275,0,26,213.5,310.4375,22.8125,1140,0,2,250,65436,42,42,5654,1,22,1,0,1,1,
14:20:46,73,26.3,312.44,8.217172,0,29,210.125,310.1875,22.8125,1141,0,2,250,65436,40,42,5911,2,22,1,0,1,1,
14:20:47,73,24.9,312.42,7.779258,0,31,208.9375,310.6875,22.8125,1141,0,2,250,65436,41,42,5654,1,22,1,0,1,1,
14:20:48,73,25.6,312.4,7.99744,0,31,208.4375,310.4375,22.875,1144,0,2,250,65436,41,42,5911,2,22,1,0,1,1,
14:20:49,73,24.8,312.46,7.749008,0,30,208.6875,310.4375,22.9375,1147,0,2,250,65436,43,42,5911,2,22,1,0,1,1,
14:20:50,73,25.4,312.37,7.934198,0,30,209.9375,310.4375,22.875,1145,0,2,250,65436,42,42,5911,2,22,1,0,1,1,
14:20:51,73,24.3,312.45,7.592535,0,29,211.375,311.0625,22.9375,1149,0,2,250,65436,41,42,5654,1,22,1,0,1,1,
14:20:52,73,23.3,312.5,7.28125,0,28,212.25,310.8125,23.0625,1152,0,2,250,65436,42,42,5911,2,22,1,0,1,1,
14:20:53,73,20.3,312.58,6.345374,0,25,208.5625,311.4375,23.0625,1154,0,2,250,65436,41,42,5654,1,22,1,0,1,1,
14:20:54,73,22.0,312.74,6.88028,0,23,208.5625,310.6875,23.125,1157,0,2,250,65436,42,42,5911,2,22,1,0,1,1,
14:20:55,73,23.1,312.66,7.222446,0,26,211.0,311.1875,22.9375,1147,0,2,250,65436,42,42,5911,2,22,1,0,1,1,
14:20:56,73,22.7,312.69,7.098063,0,26,208.875,311.1875,23.0,1148,0,2,250,65436,41,42,5911,2,22,1,0,1,1,
14:20:57,73,22.2,312.62,6.940164,0,26,212.5,311.3125,22.9375,1147,0,2,250,65436,42,42,5911,2,22,1,0,1,1,
14:20:58,73,22.2,312.69,6.941718,0,24,210.1875,311.1875,23.0,1150,0,2,250,65436,43,42,5911,2,22,1,0,1,1,
14:20:59,73,1.6,313.71,0.501936,0,0,187.5625,312.5,22.5,1116,0,6,250,65436,41,42,5911,2,22,1,0,1,1,
14:21:00,73,-20.8,315.41,-6.560528,0,38,175.5,314.375,20.8125,1040,0,6,250,65436,41,42,5911,2,22,1,0,1,1,
14:21:01,73,-26.3,315.73,-8.303699,0,47,144.5625,315.0,17.9375,889,0,6,250,65436,42,42,5911,2,22,1,0,1,1,
14:21:01,0,0,0,0,0,51,0,313.6875,0,0,0,6,0,0,0,42,0,0,0,0,0,0,0,
14:21:02,73,-20.5,315.74,-6.47267,0,53,116.5,314.1875,14.4375,720,0,6,250,-100,42,42,5911,2,22,1,0,1,1,
14:21:03,73,-14.7,315.55,-4.638585,0,52,84.8125,313.8125,11.125,551,0,6,250,-100,43,42,5911,2,22,1,0,1,1,
14:21:04,73,1.0,314.78,0.31478,0,10,63.5,313.4375,8.125,405,0,2,250,-100,42,42,5911,2,22,1,0,1,1,
14:21:05,73,19.2,313.73,6.023616,0,54,77.8125,311.5625,7.5625,381,0,2,250,-100,42,42,5911,2,22,1,0,1,1,
14:21:06,73,4.6,314.4,1.44624,0,6,65.875,313.0,7.1875,358,0,2,250,-100,42,42,5911,2,22,1,0,1,1,
14:21:07,73,1.7,314.52,0.534684,0,5,46.5625,313.4375,6.0625,303,0,6,250,-100,42,42,5911,2,22,1,0,1,1,
14:21:08,73,3.1,314.55,0.975105,0,4,35.375,313.4375,4.75,237,0,6,250,-100,42,42,5911,2,22,1,0,1,1,
14:21:09,73,4.5,314.47,1.415115,0,8,40.3125,313.1875,3.875,197,0,2,250,-100,42,42,5911,2,22,1,0,1,1,
14:21:10,73,95.5,309.75,29.581125,0,262,103.375,307.8125,6.4375,330,0,2,250,-100,41,42,5911,2,22,1,0,1,1,
14:21:11,73,110.8,308.05,34.13194,0,196,160.3125,305.6875,13.375,673,0,2,250,-100,42,44,5911,2,22,1,0,1,1,
14:21:12,73,113.1,307.36,34.762416,0,155,199.0625,305.8125,18.4375,925,0,2,250,-100,42,46,5654,1,22,1,0,1,1,
14:21:13,73,93.9,307.54,28.878006,0,124,219.125,305.9375,21.3125,1068,0,2,250,-100,42,46,5654,1,22,1,0,1,1,
14:21:14,73,81.0,308.45,24.98445,0,96,226.0625,306.875,23.5625,1178,0,2,250,-100,41,46,5911,2,22,1,0,1,1,
14:21:15,73,46.3,310.18,14.361334,0,43,234.5,308.1875,25.25,1267,0,2,250,-100,42,46,5911,2,22,1,0,1,1,
14:21:16,73,25.1,311.65,7.822415,0,28,235.25,310.1875,25.875,1294,0,2,250,-100,42,46,5911,2,22,1,0,1,1,
14:21:17,73,11.4,312.73,3.565122,0,9,231.75,311.3125,25.8125,1289,0,2,250,-100,41,45,5911,2,22,1,0,1,1,
14:21:18,73,-0.1,313.44,-0.031344,0,0,217.5625,312.0,25.25,1263,0,2,250,-100,43,45,5911,2,22,1,0,1,1,
14:21:19,73,0.9,313.65,0.282285,0,0,211.9375,312.625,24.375,1218,0,2,250,-100,43,44,5911,2,22,1,0,1,1,
14:21:20,73,4.3,313.63,1.348609,0,0,206.0,312.25,23.625,1183,0,2,250,-100,42,44,5911,2,22,1,0,1,1,
14:21:21,73,10.9,313.38,3.415842,0,8,209.625,312.0,23.125,1155,0,2,250,-100,43,44,5911,2,22,1,0,1,1,
14:21:22,73,17.6,313.01,5.508976,0,17,206.9375,311.1875,22.625,1132,0,2,250,-100,41,44,5911,2,22,1,0,1,1,
14:21:23,73,23.5,312.69,7.348215,0,26,208.0625,311.0625,22.5,1122,0,2,250,-100,42,43,5911,2,22,1,0,1,1,
14:21:24,73,26.3,312.46,8.217698,0,29,206.1875,310.6875,22.4375,1122,0,2,250,-100,42,43,5911,2,22,1,0,1,1,
14:21:25,73,28.6,312.24,8.930064,0,35,206.625,311.1875,22.5,1124,0,2,250,-100,43,43,5911,2,22,1,0,1,1,
14:21:26,73,28.6,312.23,8.929778,0,32,213.5625,310.125,22.6875,1135,0,2,250,-100,41,43,5911,2,22,1,0,1,1,
14:21:27,73,28.8,312.23,8.992224,0,30,213.0,310.0,22.8125,1142,0,2,250,-100,43,44,5911,2,22,1,0,1,1,
14:21:28,73,25.0,312.3,7.8075,0,32,214.3125,310.6875,22.9375,1147,0,2,250,-100,42,44,5911,2,22,1,0,1,1,
14:21:29,73,26.3,312.32,8.214016,0,31,212.375,310.6875,22.9375,1147,0,2,250,-100,41,44,5911,2,22,1,0,1,1,
14:21:30,73,26.1,312.43,8.154423,0,29,212.0,310.1875,22.9375,1148,0,2,250,-100,43,43,5911,2,22,1,0,1,1,
14:21:31,73,27.1,312.47,8.467937,0,28,208.6875,310.3125,23.0625,1152,0,2,250,-100,42,43,5911,2,22,1,0,1,1,
14:21:32,73,26.0,312.37,8.12162,0,30,214.375,309.875,22.9375,1146,0,2,250,-100,42,43,5911,2,22,1,0,1,1,
14:21:33,73,26.6,312.27,8.306382,0,33,207.25,310.5625,22.9375,1146,0,2,250,-100,43,43,5911,2,22,1,0,1,1,
14:21:34,73,24.3,312.34,7.589862,0,28,215.3125,310.6875,23.0,1149,0,2,250,-100,43,43,5911,2,22,1,0,1,1,
14:21:35,73,22.5,312.47,7.030575,0,27,211.25,310.8125,23.0625,1154,0,2,250,-100,43,43,5911,2,22,1,0,1,1,
14:21:36,73,20.9,312.61,6.533549,0,22,213.5,310.6875,23.125,1158,0,2,250,-100,41,43,5911,2,22,1,0,1,1,
14:21:37,73,18.6,312.66,5.815476,0,23,211.375,311.0625,23.0625,1155,0,2,250,-100,42,43,5911,2,22,1,0,1,1,
14:21:38,73,20.3,312.73,6.348419,0,22,213.8125,311.4375,23.0625,1152,0,2,250,-100,42,43,5911,2,22,1,0,1,1,
14:21:39,73,22.1,312.71,6.910891,0,22,208.8125,311.1875,23.0,1151,0,2,250,-100,42,43,5911,2,22,1,0,1,1,
14:21:40,73,21.9,312.61,6.846159,0,28,210.1875,311.3125,22.8125,1140,0,2,250,-100,45,43,5911,2,22,1,0,1,1,
14:21:41,73,26.4,312.41,8.247624,0,30,208.5625,310.6875,22.6875,1136,0,2,250,-100,43,43,5911,2,22,1,0,1,1,
14:21:42,73,26.0,312.32,8.12032,0,30,209.75,310.4375,22.6875,1134,0,2,250,-100,42,43,5911,2,22,1,0,1,1,
14:21:43,73,25.2,312.29,7.869708,0,29,209.5625,310.1875,22.875,1143,0,2,250,-100,43,43,5911,2,22,1,0,1,1,
14:21:44,73,25.1,312.39,7.840989,0,28,210.4375,310.5625,22.9375,1148,0,2,250,-100,43,43,5911,2,22,1,0,1,1,
14:21:45,73,26.0,312.36,8.12136,0,30,208.6875,310.8125,22.9375,1147,0,2,250,-100,42,43,5911,2,22,1,0,1,1,
14:21:46,73,24.0,312.44,7.49856,0,26,212.0,310.4375,23.0,1150,0,2,250,-100,42,43,5911,2,22,1,0,1,1,
14:21:47,73,24.5,312.38,7.65331,0,29,212.1875,310.6875,22.9375,1148,0,2,250,-100,41,43,5911,2,22,1,0,1,1,
14:21:48,73,25.0,312.39,7.80975,0,30,210.4375,311.5625,22.875,1145,0,2,250,-100,40,43,5911,2,22,1,0,1,1,
14:21:49,73,26.7,312.39,8.340813,0,28,208.5625,310.5625,22.9375,1147,0,2,250,-100,41,43,5911,2,22,1,0,1,1,
14:21:50,73,26.7,312.25,8.337075,0,32,210.6875,310.8125,22.875,1143,0,2,250,-100,41,43,5911,2,22,1,0,1,1,
14:21:51,73,30.4,312.23,9.491792,0,29,211.75,311.4375,22.9375,1146,0,2,250,-100,42,43,5911,2,22,1,0,1,1,
14:21:52,73,26.5,312.28,8.27542,0,31,210.25,310.8125,22.9375,1146,0,2,250,-100,43,43,5911,2,22,1,0,1,1,
14:21:53,73,25.4,312.29,7.932166,0,30,211.0,310.4375,23.0,1149,0,2,250,-100,42,43,5911,2,22,1,0,1,1,
14:21:54,73,25.8,312.39,8.059662,0,28,211.0625,309.75,23.0625,1151,0,2,250,-100,42,43,5911,2,22,1,0,1,1,
14:21:55,73,26.5,312.34,8.27701,0,27,215.9375,310.5625,23.0,1148,0,2,250,-100,43,43,5911,2,22,1,0,1,1,
14:21:56,73,28.7,312.29,8.962723,0,29,211.0,311.1875,22.8125,1144,0,2,250,-100,44,43,5911,2,22,1,0,1,1,
14:21:57,73,27.6,312.12,8.614512,0,32,213.25,310.3125,22.8125,1141,0,2,250,-100,42,43,5911,2,22,1,0,1,1,
14:21:58,73,31.2,312.14,9.738768,0,34,210.875,310.125,22.75,1140,0,2,250,-100,42,43,5911,2,22,1,0,1,1,
14:21:59,73,30.6,311.96,9.545976,0,37,209.5625,310.6875,22.75,1138,0,2,250,-100,43,43,5911,2,22,1,0,1,1,
14:22:00,72,31.1,311.92,9.700712,0,35,209.6875,310.0,22.8125,1142,0,2,250,-100,42,43,5911,2,22,1,0,1,1,
14:22:01,72,32.0,311.83,9.97856,0,40,208.4375,309.375,22.75,1139,0,2,250,-100,42,43,5911,2,22,1,0,1,1,
