Time Stamp, Battery Amperage, Battery Voltage, Battery Power In,, Motor Current (AC), Motor Voltage (AC), Motor Power,, Motor Controller Battery Current, Motor Controller Capacitor Voltage,MC Power,1.132350068,, Vehicle Speed, Motor Velocity, 
11:36:03,44.5,310.13,13.800785,,76,289.375,21.9925,,50,308.5625,15.428125,1.117916481,,636,1987,
11:36:04,43.2,310.2,13.40064,,68,287.8125,19.57125,,51,308.6875,15.7430625,1.174799301,,636,1987,
11:36:05,44.9,310.28,13.931572,,71,287.1875,20.3903125,,49,308.5625,15.1195625,1.085273256,,636,1986,
11:36:06,43.8,310.18,13.585884,,77,278.1875,21.4204375,,49,308,15.092,1.110858889,,637,1990,
11:36:07,42.2,310.03,13.083266,,68,292.375,19.8815,,50,308.6875,15.434375,1.179703524,,637,1989,
11:36:08,42.7,310.24,13.247248,,69,286.75,19.78575,,46,308.1875,14.176625,1.070156232,,637,1990,
11:36:09,43.6,310.08,13.519488,,74,283.9375,21.011375,,50,308.3125,15.415625,1.140252131,,638,1992,
11:36:10,44.2,310.25,13.71305,,70,290,20.3,,48,308.9375,14.829,1.081378687,,639,1995,
11:36:11,42.9,310.38,13.315302,,79,279.5,22.0805,,47,308.4375,14.4965625,1.088714511,,639,1995,
11:36:12,41.8,310.26,12.968868,,76,294.1875,22.35825,,48,308.5625,14.811,1.142042621,,638,1994,
11:36:13,40.7,310.29,12.628803,,77,288.75,22.23375,,46,309.0625,14.216875,1.125750002,,638,1993,
11:36:14,39.8,310.31,12.350338,,68,288.625,19.6265,,44,307.875,13.5465,1.096852572,,638,1992,
11:36:15,39.4,310.42,12.230548,,68,293,19.924,,45,308.8125,13.8965625,1.136217486,,636,1988,
11:36:16,38.4,310.22,11.912448,,72,289.5,20.844,,47,309.0625,14.5259375,1.219391472,,635,1985,
11:36:17,41.6,310.26,12.906816,,73,283.3125,20.6818125,,45,308.6875,13.8909375,1.076248201,,636,1986,
11:36:18,42.3,310.13,13.118499,,71,285.9375,20.3015625,,49,308,15.092,1.150436494,,636,1987,
11:36:19,43.9,310.19,13.617341,,71,289.375,20.545625,,48,308.4375,14.805,1.08721666,,636,1988,
11:36:20,44.8,310.1,13.89248,,74,286.75,21.2195,,49,308.5625,15.1195625,1.088327102,,637,1991,
11:36:21,43.2,310.31,13.405392,,73,291.875,21.306875,,46,308.8125,14.205375,1.059676211,,639,1997,
11:36:22,37.2,310.4,11.54688,,69,278.625,19.225125,,43,309.1875,13.2950625,1.15139869,,639,1996,
11:36:23,36.5,310.52,11.33398,,66,283.9375,18.739875,,41,308.6875,12.6561875,1.116658711,,639,1996,
11:36:24,34.9,310.57,10.838893,,68,284.125,19.3205,,40,309.3125,12.3725,1.14149111,,637,1991,
11:36:25,36.8,310.63,11.431184,,61,294.5625,17.9683125,,40,309.0625,12.3625,1.081471526,,637,1991,
11:36:26,34.5,310.51,10.712595,,62,288.75,17.9025,,43,308.6875,13.2735625,1.239061357,,636,1986,
11:36:27,40.9,310.4,12.69536,,73,277.625,20.266625,,43,309.1875,13.2950625,1.047237928,,636,1988,
11:36:28,37.1,310.41,11.516211,,75,283.4375,21.2578125,,44,308.5625,13.57675,1.178925082,,635,1985,
11:36:29,43.3,310.32,13.436856,,67,285.75,19.14525,,45,309.1875,13.9134375,1.03546823,,635,1985,
11:36:30,42.5,310.26,13.18605,,72,288.1875,20.7495,,45,308.8125,13.8965625,1.05388365,,636,1988,
11:36:31,39,310.46,12.10794,,66,287.1875,18.954375,,43,308.5625,13.2681875,1.095825343,,638,1994,
11:36:32,33.6,310.68,10.438848,,68,289.9375,19.71575,,40,308.1875,12.3275,1.180925328,,639,1996,
11:36:33,34.1,310.8,10.59828,,69,284.875,19.656375,,38,309.3125,11.753875,1.109036089,,639,1995,
11:36:34,36.4,310.77,11.312028,,73,287.9375,21.0194375,,39,308.5625,12.0339375,1.063817867,,638,1991,
11:36:35,34.5,310.87,10.725015,,73,289.25,21.11525,,37,309.0625,11.4353125,1.066228113,,637,1991,
11:36:36,35.1,310.6,10.90206,,61,290.9375,17.7471875,,41,309.3125,12.6818125,1.163249193,,637,1989,
11:36:37,31.6,310.76,9.820016,,67,287.1875,19.2415625,,40,309.0625,12.3625,1.258908336,,637,1989,
11:36:38,32.8,310.86,10.196208,,60,292.25,17.535,,39,308.5625,12.0339375,1.180236564,,636,1988,
11:36:39,36.7,310.76,11.404892,,75,289.6875,21.7265625,,40,308.8125,12.3525,1.083087854,,637,1990,
11:36:40,34.8,310.89,10.818972,,69,289.25,19.95825,,38,309.625,11.76575,1.087510902,,639,1995,
11:36:41,27.8,311.13,8.649414,,64,289.9375,18.556,,33,309.875,10.225875,1.182262174,,639,1995,
11:36:42,32.6,311.1,10.14186,,76,286,21.736,,35,309.75,10.84125,1.068960723,,637,1990,
11:36:43,34.4,310.85,10.69324,,66,291.25,19.2225,,40,308.6875,12.3475,1.154701475,,635,1985,
11:36:44,37.3,310.93,11.597689,,67,289.375,19.388125,,38,309.0625,11.744375,1.012647865,,637,1989,
11:36:45,28.5,310.98,8.86293,,70,289,20.23,,38,308.8125,11.734875,1.324040131,,636,1989,
11:36:46,30.2,311.09,9.394918,,71,286.3125,20.3281875,,35,310,10.85,1.154879691,,637,1990,
11:36:47,31.5,311.04,9.79776,,62,292.25,18.1195,,36,309.4375,11.13975,1.136969062,,634,1983,
11:36:48,32.6,311.13,10.142838,,58,287.3125,16.664125,,36,309.625,11.1465,1.098952778,,635,1985,
11:36:49,32.3,310.96,10.044008,,71,287.75,20.43025,,38,309.3125,11.753875,1.170237519,,633,1980,
11:36:50,37.2,310.9,11.56548,,69,281.25,19.40625,,40,309.5625,12.3825,1.070642982,,635,1983,
11:36:51,34.4,310.74,10.689456,,73,286.5625,20.9190625,,43,309.3125,13.3004375,1.244257659,,636,1988,
11:36:52,34,310.91,10.57094,,74,285.375,21.11775,,40,308.8125,12.3525,1.168533735,,637,1989,
11:36:53,33.4,310.92,10.384728,,66,288.875,19.06575,,41,308.6875,12.6561875,1.218730765,,637,1988,
11:36:54,37,310.82,11.50034,,72,276.875,19.935,,40,309.0625,12.3625,1.074968218,,637,1988,
11:36:55,31.6,310.77,9.820332,,72,291.375,20.979,,40,308.6875,12.3475,1.257340383,,636,1987,
11:36:56,37.3,310.62,11.586126,,73,288.0625,21.0285625,,44,308.6875,13.58225,1.172285715,,635,1983,
11:36:57,41.2,310.63,12.797956,,73,279.0625,20.3715625,,42,309.4375,12.996375,1.01550396,,634,1982,
11:36:58,39.3,310.41,12.199113,,72,286.9375,20.6595,,47,309.0625,14.5259375,1.190737187,,635,1984,
11:36:59,41.6,310.56,12.919296,,64,289.375,18.52,,44,308.1875,13.56025,1.049612146,,635,1985,
11:37:00,43.5,310.24,13.49544,,80,281.8125,22.545,,48,308.3125,14.799,1.096592627,,634,1982,
11:37:01,42,310.15,13.0263,,73,281.25,20.53125,,48,308.4375,14.805,1.136546832,,634,1983,
11:37:02,45,309.85,13.94325,,68,296.25,20.145,,51,307.75,15.69525,1.125652197,,636,1985,
11:37:02,47.5,309.96,14.7231,,0,0,0,,0,0,0,0,,0,0,
11:37:03,43.8,310.05,13.58019,,75,287.3125,21.5484375,,51,308.1875,15.7175625,1.157388998,,635,1984,
11:37:04,44.5,310.02,13.79589,,69,290.1875,20.0229375,,53,308.3125,16.3405625,1.184451492,,636,1989,
11:37:05,46.6,309.89,14.440874,,76,284.1875,21.59825,,52,308.1875,16.02575,1.109749313,,635,1985,
11:37:06,46.6,309.74,14.433884,,66,294.25,19.4205,,52,308.1875,16.02575,1.110286739,,636,1986,
11:37:07,43.6,309.83,13.508588,,73,285.3125,20.8278125,,53,308.5625,16.3538125,1.210623383,,637,1988,
11:37:08,44.8,309.82,13.879936,,68,295.125,20.0685,,52,308.6875,16.05175,1.156471471,,637,1991,
11:37:09,46.3,310,14.353,,71,288.375,20.474625,,48,308,14.784,1.030028565,,638,1992,
11:37:10,41.3,309.9,12.79887,,77,289.25,22.27225,,50,308.6875,15.434375,1.205917007,,637,1990,
11:37:11,45.6,309.99,14.135544,,79,280.5625,22.1644375,,48,307.75,14.772,1.045025222,,638,1992,
11:37:12,45.5,309.94,14.10227,,63,295.0625,18.5889375,,48,308.1875,14.793,1.048980058,,637,1989,
11:37:13,53.2,309.57,16.469124,,75,286.625,21.496875,,50,308,15.4,0.935083129,,636,1988,
11:37:14,41.7,309.52,12.906984,,69,284.0625,19.6003125,,55,308.1875,16.9503125,1.313266717,,636,1986,
11:37:15,31.4,310.33,9.744362,,73,288.625,21.069625,,44,308.0625,13.55475,1.391035144,,640,2001,
11:37:16,39.8,310.14,12.343572,,72,287.5625,20.7045,,50,307.875,15.39375,1.247106591,,638,1992,
11:37:17,42.7,309.9,13.23273,,68,291.6875,19.83475,,48,308.6875,14.817,1.119723594,,637,1989,
11:37:18,39.6,310.08,12.279168,,66,290.875,19.19775,,46,309.1875,14.222625,1.158272694,,638,1993,
11:37:19,37.5,310.24,11.634,,77,281.0625,21.6418125,,44,308.3125,13.56575,1.166043493,,639,1995,
11:37:20,37.7,310.18,11.693786,,72,292.75,21.078,,47,308.5625,14.5024375,1.240183248,,639,1996,
11:37:21,46.4,309.97,14.382608,,78,292.875,22.84425,,46,308.3125,14.182375,0.986078116,,636,1986,
11:37:22,42.2,310.22,13.091284,,70,286.75,20.0725,,42,308.4375,12.954375,0.989541973,,639,1995,
11:37:23,38.1,310.23,11.819763,,67,292.875,19.622625,,43,309.0625,13.2896875,1.124361588,,638,1992,
11:37:24,38.9,310.17,12.065613,,80,286.5,22.92,,47,308.1875,14.4848125,1.200503654,,636,1988,
11:37:25,35.2,310.21,10.919392,,73,289.25,21.11525,,47,308.4375,14.4965625,1.327597956,,635,1984,
11:37:26,38.3,310.3,11.88449,,60,289.9375,17.39625,,43,308.4375,13.2628125,1.11597658,,639,1996,
11:37:27,34.5,310.28,10.70466,,77,287.3125,22.1230625,,43,309.1875,13.2950625,1.241988302,,638,1994,
11:37:28,32.3,310.58,10.031734,,72,281.0625,20.2365,,36,308.5625,11.10825,1.107311059,,640,2001,
11:37:29,28.4,310.96,8.831264,,74,282.375,20.89575,,36,308.8125,11.11725,1.258851508,,639,1997,
11:37:30,33.4,310.75,10.37905,,61,293.125,17.880625,,37,308.9375,11.4306875,1.101323098,,638,1992,
11:37:31,33,310.57,10.24881,,73,276.75,20.20275,,40,309.4375,12.3775,1.207701187,,636,1987,
11:37:32,32.8,310.71,10.191288,,72,287.3125,20.6865,,37,309.1875,11.4399375,1.122521265,,635,1985,
11:37:33,34.1,310.5,10.58805,,77,281.375,21.665875,,42,308.9375,12.975375,1.225473529,,636,1986,
11:37:34,39.2,310.5,12.1716,,73,285.3125,20.8278125,,42,309.625,13.00425,1.068409248,,636,1986,
11:37:35,35.5,310.59,11.025945,,62,288.25,17.8715,,42,308.9375,12.975375,1.176803893,,636,1988,
11:37:36,39.4,310.27,12.224638,,70,277.5,19.425,,44,308.0625,13.55475,1.108805839,,637,1989,
11:37:37,33.3,310.39,10.335987,,72,275.875,19.863,,42,308.1875,12.943875,1.252311463,,637,1991,
11:37:38,33.7,310.59,10.466883,,70,280.0625,19.604375,,39,309.3125,12.0631875,1.152510017,,638,1993,
11:37:39,34.5,310.76,10.72122,,67,286.1875,19.1745625,,38,309.3125,11.753875,1.096318796,,638,1992,
11:37:40,35.1,310.56,10.900656,,66,292.125,19.28025,,40,309.4375,12.3775,1.135482121,,638,1991,
11:37:41,35.6,310.72,11.061632,,60,294,17.64,,38,309.5625,11.763375,1.063439373,,638,1994,
11:37:42,31.3,310.89,9.730857,,66,293.5625,19.375125,,36,309.3125,11.13525,1.144323671,,638,1994,
11:37:43,28.8,310.92,8.954496,,61,287.1875,17.5184375,,36,309.4375,11.13975,1.244039866,,638,1995,
11:37:44,31.8,310.83,9.884394,,64,290.5,18.592,,37,308.5625,11.4168125,1.155034138,,636,1988,
11:37:45,34.4,310.67,10.687048,,76,277.875,21.1185,,40,309.1875,12.3675,1.157241925,,636,1986,
11:37:46,34.2,310.67,10.624914,,77,292.75,22.54175,,40,309.0625,12.3625,1.16353883,,637,1989,
11:37:47,36.8,310.63,11.431184,,64,291.375,18.648,,41,309.3125,12.6818125,1.109404984,,637,1989,
11:37:48,31.4,310.72,9.756608,,75,279.9375,20.9953125,,39,309.0625,12.0534375,1.235412707,,637,1991,
11:37:49,34,310.81,10.56754,,73,283.9375,20.7274375,,37,309.5625,11.4538125,1.083867437,,637,1990,
11:37:50,26.2,311.15,8.15213,,73,281.625,20.558625,,33,309.75,10.22175,1.253874754,,638,1994,
11:37:51,39,310.56,12.11184,,69,276.4375,19.0741875,,40,309.625,12.385,1.022553138,,634,1982,
11:37:52,33.4,310.72,10.378048,,76,290.8125,22.10175,,41,308.8125,12.6613125,1.220009052,,635,1986,
11:37:53,34,310.75,10.5655,,66,292.375,19.29675,,38,309.3125,11.753875,1.11247693,,637,1988,
11:37:54,30,310.92,9.3276,,71,286.0625,20.3104375,,37,309.0625,11.4353125,1.225965146,,637,1991,
11:37:55,27,311.18,8.40186,,62,292.25,18.1195,,32,309.1875,9.894,1.177596389,,639,1995,
11:37:56,26.2,311.13,8.151606,,62,277.625,17.21275,,34,309.1875,10.512375,1.289607839,,637,1991,
11:37:57,32.1,310.9,9.97989,,60,291.875,17.5125,,37,309.5625,11.4538125,1.147689253,,636,1988,
11:37:58,30.6,311.12,9.520272,,62,289.9375,17.976125,,35,309.5625,10.8346875,1.13806491,,637,1992,
11:37:59,28.9,311.09,8.990501,,72,287.1875,20.6775,,34,309.1875,10.512375,1.169275772,,636,1989,
11:38:00,30.5,311.19,9.491295,,67,291.4375,19.5263125,,34,309.75,10.5315,1.109595687,,637,1989,
11:38:01,31.4,310.9,9.76226,,72,281.125,20.241,,36,308.8125,11.11725,1.138798803,,636,1988,
11:38:01,0,0,0,,77,0,0,,0,309.75,0,,,0,0,
11:38:02,30,311.22,9.3366,,69,283,19.527,,34,309.4375,10.520875,1.126842212,,637,1992,
11:38:03,30.1,311.22,9.367722,,71,290.1875,20.6033125,,34,309.1875,10.512375,1.122191179,,635,1986,
11:38:04,31.4,311.11,9.768854,,66,289.5,19.107,,36,309.3125,11.13525,1.139872702,,636,1987,
11:38:05,30.5,311.06,9.48733,,66,287.625,18.98325,,36,309.3125,11.13525,1.17369692,,636,1986,
11:38:06,29.3,311.11,9.115523,,72,280.5625,20.2005,,35,309.1875,10.8215625,1.18715761,,636,1987,
11:38:07,31.1,310.92,9.669612,,62,285.875,17.72425,,37,309.0625,11.4353125,1.182603035,,635,1984,
11:38:08,31.5,311.02,9.79713,,65,292.125,18.988125,,37,309.5625,11.4538125,1.169098756,,637,1989,
11:38:09,28.1,311.1,8.74191,,70,279.5625,19.569375,,36,309.0625,11.12625,1.272748175,,636,1988,
11:38:10,33.4,311.13,10.391742,,70,277.4375,19.420625,,38,308.6875,11.730125,1.12879294,,636,1986,
11:38:11,31.7,310.88,9.854896,,74,284,21.016,,40,309.1875,12.3675,1.254959971,,635,1984,
11:38:12,36.2,310.9,11.25458,,66,281.25,18.5625,,39,308.9375,12.0485625,1.070547502,,635,1984,
11:38:13,38.5,310.73,11.963105,,62,284.5625,17.642875,,41,308.9375,12.6664375,1.058791802,,636,1987,
11:38:14,32.4,311.07,10.078668,,74,279.9375,20.715375,,37,308.6875,11.4214375,1.133228865,,637,1991,
11:38:15,33.3,310.88,10.352304,,73,290.5625,21.2110625,,39,309.4375,12.0680625,1.165736874,,636,1988,
11:38:16,34,310.86,10.56924,,62,285.5,17.701,,39,309.5625,12.0729375,1.142271109,,637,1990,
11:38:17,32.6,310.82,10.132732,,76,277.875,21.1185,,38,309.3125,11.753875,1.159990711,,636,1987,
11:38:18,31.7,311,9.8587,,79,287.75,22.73225,,35,309.5625,10.8346875,1.098997586,,637,1991,
11:38:19,30.9,310.88,9.606192,,59,290.8125,17.1579375,,39,309.875,12.085125,1.258055742,,635,1985,
11:38:20,31.6,310.82,9.821912,,67,287.5625,19.2666875,,41,309.3125,12.6818125,1.291175537,,636,1986,
11:38:21,33.9,310.71,10.533069,,65,285.125,18.533125,,42,308.9375,12.975375,1.231870312,,636,1987,
11:38:22,37.4,310.74,11.621676,,72,286.1875,20.6055,,40,309.1875,12.3675,1.064175253,,636,1986,
11:38:23,38.3,310.59,11.895597,,61,294.3125,17.9530625,,43,308.9375,13.2843125,1.116741976,,635,1985,
11:38:24,41.9,310.42,13.006598,,73,277.1875,20.2346875,,44,308.4375,13.57125,1.043412736,,635,1985,
11:38:25,39.3,310.38,12.197934,,68,288.25,19.601,,44,308.5625,13.57675,1.113036847,,636,1987,
11:38:26,36.3,310.62,11.275506,,77,286.5,22.0605,,42,308.9375,12.975375,1.150757669,,638,1992,
11:38:27,33.9,310.85,10.537815,,75,278.0625,20.8546875,,38,309.75,11.7705,1.116977286,,637,1989,
11:38:28,39.5,310.51,12.265145,,69,282.6875,19.5054375,,42,309.1875,12.985875,1.058762452,,635,1985,
11:38:29,36.3,310.39,11.267157,,71,291.0625,20.6654375,,44,308.6875,13.58225,1.205472685,,636,1988,
11:38:30,35.9,310.26,11.138334,,63,289,18.207,,45,308.6875,13.8909375,1.247128835,,635,1984,
11:38:31,38,310.5,11.799,,78,286.75,22.3665,,43,308.4375,13.2628125,1.124062421,,636,1987,
11:38:32,39.2,310.41,12.168072,,70,283,19.81,,43,309.0625,13.2896875,1.092176928,,636,1987,
11:38:33,35.3,310.6,10.96418,,61,294.6875,17.9759375,,41,309.0625,12.6715625,1.155723684,,636,1987,
11:38:34,35.4,310.56,10.993824,,69,281.25,19.40625,,42,308.5625,12.959625,1.178809575,,635,1985,
11:38:35,38.4,310.5,11.9232,,73,286.625,20.923625,,43,308.1875,13.2520625,1.111451833,,637,1990,
11:38:36,36.8,310.6,11.43008,,67,294.8125,19.7524375,,41,309.0625,12.6715625,1.108615382,,637,1990,
11:38:37,35.5,310.8,11.0334,,68,290.6875,19.76675,,39,309.1875,12.0583125,1.09289181,,639,1995,
11:38:38,34.1,310.63,10.592483,,65,280.9375,18.2609375,,40,308.6875,12.3475,1.165685137,,636,1986,
11:38:39,36.9,310.4,11.45376,,73,288.5,21.0605,,43,309.1875,13.2950625,1.160759654,,634,1982,
11:38:40,37.8,310.34,11.730852,,75,288.0625,21.6046875,,47,308.1875,14.4848125,1.234762189,,635,1983,
11:38:41,38.6,310.49,11.984914,,68,294.875,20.0515,,43,308.8125,13.2789375,1.107971029,,636,1987,
11:38:42,38.4,310.44,11.920896,,69,283.8125,19.5830625,,43,309.0625,13.2896875,1.114822871,,635,1986,
11:38:43,36.1,310.54,11.210494,,68,286.75,19.499,,41,308.6875,12.6561875,1.128958947,,638,1992,
11:38:44,31.4,310.51,9.750014,,79,284.625,22.485375,,41,309.5625,12.6920625,1.301748131,,639,1996,
11:38:45,32.6,310.72,10.129472,,73,284.3125,20.7548125,,39,309.0625,12.0534375,1.189937393,,638,1992,
11:38:46,38.2,310.55,11.86301,,65,288.875,18.776875,,42,309.0625,12.980625,1.09421007,,635,1984,
11:38:47,40.5,310.21,12.563505,,73,287.8125,21.0103125,,46,309.0625,14.216875,1.131601014,,635,1983,
11:38:48,38.6,310.29,11.977194,,62,287.0625,17.797875,,44,308.6875,13.58225,1.134009351,,635,1987,
11:38:49,37.9,310.39,11.763781,,73,291.875,21.306875,,41,309.0625,12.6715625,1.077167494,,637,1991,
11:38:50,37.9,310.45,11.766055,,62,289.125,17.92575,,43,308.1875,13.2520625,1.126296154,,638,1994,
11:38:51,33.7,310.69,10.470253,,67,288.625,19.337875,,39,309.0625,12.0534375,1.151207855,,637,1988,
11:38:52,39.4,310.52,12.234488,,68,288.375,19.6095,,41,308.9375,12.6664375,1.035305891,,638,1993,
11:38:53,36.3,310.49,11.270787,,62,288.375,17.87925,,39,308.9375,12.0485625,1.069008091,,638,1992,
11:38:54,30.1,310.99,9.360799,,72,278.0625,20.0205,,35,309.625,10.836875,1.157686967,,638,1994,
11:38:55,36.4,310.6,11.30584,,66,285.5,18.843,,40,308.5625,12.3425,1.091692435,,637,1988,
11:38:56,34.7,310.66,10.779902,,77,278.5,21.4445,,40,308.8125,12.3525,1.145882402,,637,1991,
11:38:57,28.9,310.77,8.981253,,62,292.125,18.11175,,38,309.3125,11.753875,1.308712159,,636,1985,
11:38:58,34.8,310.59,10.808532,,74,281.375,20.82175,,40,308.9375,12.3575,1.143309748,,636,1988,
11:38:59,36.9,310.39,11.453391,,79,277.1875,21.8978125,,45,308.3125,13.8740625,1.211349765,,635,1985,
11:39:00,35.1,310.63,10.903113,,72,280.0625,20.1645,,40,308.4375,12.3375,1.131557565,,638,1992,
11:39:01,27.6,310.85,8.57946,,58,284.75,16.5155,,36,309.0625,11.12625,1.296847354,,638,1993,
11:39:01,30.4,310.93,9.452272,,0,0,0,,0,0,0,0,,0,0,
11:39:02,30.9,310.89,9.606501,,71,282.25,20.03975,,36,308.8125,11.11725,1.157263191,,639,1996,
11:39:03,30,310.93,9.3279,,66,286.4375,18.904875,,35,308.6875,10.8040625,1.158252393,,638,1996,
11:39:04,24.6,311.24,7.656504,,62,288.5,17.887,,31,309.4375,9.5925625,1.252864558,,639,1996,
11:39:05,24.9,311.41,7.754109,,65,284.5625,18.4965625,,29,309.75,8.98275,1.158450313,,638,1993,
11:39:06,23.4,311.45,7.28793,,64,279.6875,17.9,,28,310.125,8.6835,1.191490588,,640,1999,
11:39:07,18.6,311.66,5.796876,,66,284.5625,18.781125,,26,310.375,8.06975,1.392086013,,641,2003,
11:39:08,17.9,311.8,5.58122,,65,284.125,18.468125,,25,310,7.75,1.388585291,,639,1997,
11:39:09,12.7,312.19,3.964813,,65,290.3125,18.8703125,,20,311.25,6.225,1.570061438,,638,1994,
11:39:10,17.6,312.03,5.491728,,59,283.875,16.748625,,22,310.125,6.82275,1.242368522,,637,1992,
11:39:11,17.5,312.02,5.46035,,65,288.625,18.760625,,22,310.5,6.831,1.251018708,,638,1994,
11:39:12,13.6,312.25,4.2466,,65,281.375,18.289375,,20,311.6875,6.23375,1.467939057,,637,1991,
11:39:13,7.5,312.74,2.34555,,64,289.5,18.528,,14,311.25,4.3575,1.85777323,,641,2002,
11:39:14,10.9,312.68,3.408212,,65,272.5625,17.7165625,,14,310.875,4.35225,1.276989225,,639,1995,
11:39:15,-2.5,313.36,-0.7834,,69,279,19.251,,7,312.0625,2.1844375,-2.788406306,,640,2001,
11:39:16,1,313.4,0.3134,,63,281.5625,17.7384375,,6,312.1875,1.873125,5.976786854,,640,2001,
11:39:17,-2,313.81,-0.62762,,75,264.375,19.828125,,2,312.3125,0.624625,-0.995228004,,641,2004,
11:39:18,-1.9,313.83,-0.596277,,75,261.4375,19.6078125,,2,312.1875,0.624375,-1.047122394,,640,2001,
11:39:19,-10.2,314.35,-3.20637,,85,257.0625,21.8503125,,4092,312.1875,1277.47125,,,640,1999,
11:39:20,-13,314.43,-4.08759,,79,260.375,20.569625,,4094,312.5625,1279.630875,,,640,2001,
11:39:21,-17.2,315,-5.418,,80,262.5625,21.005,,4085,313.625,1281.158125,,,641,2004,
11:39:22,-14,315.08,-4.41112,,85,264.25,22.46125,,4087,313.625,1281.785375,,,639,1996,
11:39:23,-15.2,315.09,-4.789368,,83,253.4375,21.0353125,,4085,314,1282.69,,,637,1991,
11:39:24,-12.5,315.04,-3.938,,84,260.6875,21.89775,,4090,313,1280.17,,,638,1992,
11:39:25,-12.6,315.12,-3.970512,,85,258.4375,21.9671875,,4090,313.5,1282.215,,,638,1994,
11:39:26,-21.9,315.58,-6.911202,,84,257.75,21.651,,4083,314.8125,1285.379438,,,640,2000,
11:39:27,-29.9,316.2,-9.45438,,83,263.125,21.839375,,4075,315.0625,1283.879688,,,642,2007,
11:39:28,-29.9,316.47,-9.462453,,86,268.5625,23.096375,,4072,314.9375,1282.4255,,,643,2008,
11:39:29,-27.7,316.53,-8.767881,,86,252.375,21.70425,,4076,314.5625,1282.15675,,,640,1998,
11:39:30,-18.3,316.16,-5.785728,,88,245.375,21.593,,4083,314.375,1283.593125,,,632,1976,
11:39:31,-0.1,315.09,-0.031509,,84,247.75,20.811,,2,314.125,0.62825,-19.93874766,,627,1958,
11:39:32,14.2,314.06,4.459652,,62,280.4375,17.387125,,16,312.3125,4.997,1.120491016,,621,1939,
11:39:33,48.2,311.78,15.027796,,70,289.375,20.25625,,50,310.375,15.51875,1.032669727,,608,1900,
11:39:34,71.7,310.04,22.229868,,84,275.375,23.1315,,74,308.1875,22.805875,1.0259114,,608,1901,
11:39:35,86.1,308.65,26.574765,,98,275.8125,27.029625,,90,306.4375,27.579375,1.037803156,,612,1913,
11:39:36,97.2,307.59,29.897748,,110,274.9375,30.243125,,103,305.8125,31.4986875,1.05354716,,616,1926,
11:39:37,89.6,307.55,27.55648,,99,274.9375,27.2188125,,101,305.9375,30.8996875,1.121322008,,626,1955,
11:39:38,89,307.47,27.36483,,94,285,26.79,,98,305.8125,29.969625,1.095187692,,631,1971,
11:39:39,86.6,307.62,26.639892,,103,274.625,28.286375,,95,305.4375,29.0165625,1.08921472,,635,1983,
11:39:40,88.8,307.3,27.28824,,104,274.25,28.522,,97,305.1875,29.6031875,1.084833155,,636,1986,
11:39:41,81.1,307.49,24.937439,,93,275.9375,25.6621875,,92,306.0625,28.15775,1.129135594,,638,1992,
11:39:42,86.1,307.18,26.448198,,92,277.875,25.5645,,94,305.3125,28.699375,1.08511646,,636,1986,
11:39:43,81.4,307.2,25.00608,,98,279.1875,27.360375,,93,305.5625,28.4173125,1.136416124,,638,1994,
11:39:44,81.1,307.26,24.918786,,97,271.75,26.35975,,89,306.4375,27.2729375,1.094472961,,640,1999,
11:39:45,79.9,307.44,24.564456,,88,281.6875,24.7885,,84,305.3125,25.64625,1.044038997,,640,1999,
11:39:46,74.9,307.34,23.019766,,96,277.125,26.604,,85,305.5625,25.9728125,1.128283081,,637,1992,
11:39:47,75.1,307.44,23.088744,,91,288,26.208,,82,305.5625,25.056125,1.085209529,,639,1994,
11:39:48,71.1,307.54,21.866094,,98,281.4375,27.580875,,80,305.6875,24.455,1.118398192,,638,1996,
11:39:49,74,307.37,22.74538,,89,283.6875,25.2481875,,82,305.1875,25.025375,1.100239917,,639,1994,
11:39:50,74.7,307.45,22.966515,,103,282.4375,29.0910625,,79,305.8125,24.1591875,1.051930931,,638,1993,
11:39:51,74.9,307.32,23.018268,,95,283.9375,26.9740625,,80,305.6875,24.455,1.062417033,,639,1994,
11:39:52,61.4,307.95,18.90813,,87,285.5625,24.8439375,,73,306.5,22.3745,1.18332696,,643,2008,
11:39:53,61.8,308.21,19.047378,,84,289.125,24.2865,,65,306.3125,19.9103125,1.045304635,,643,2008,
11:39:54,53.3,308.71,16.454243,,85,290.1875,24.6659375,,60,306.75,18.405,1.118556472,,643,2010,
11:39:55,49.9,308.92,15.415108,,81,289.3125,23.4343125,,53,307,16.271,1.055522932,,643,2009,
11:39:56,45.9,309.4,14.20146,,68,284.4375,19.34175,,49,307.375,15.061375,1.060551169,,645,2012,
11:39:57,39.3,309.61,12.167673,,72,288.125,20.745,,46,307.5,14.145,1.162506586,,642,2008,
11:39:58,39.2,309.79,12.143768,,73,286.375,20.905375,,41,307.875,12.622875,1.039452911,,642,2007,
11:39:59,34.8,309.75,10.7793,,73,292.5,21.3525,,44,308.0625,13.55475,1.257479614,,640,2003,
11:40:00,39.3,309.76,12.173568,,70,287.5,20.125,,43,308.1875,13.2520625,1.088593131,,638,1994,
11:40:01,41.1,309.82,12.733602,,73,284.75,20.78675,,44,308.1875,13.56025,1.06491863,,635,1985,
11:40:02,0,0,0,,69,0,0,,0,307.875,0,,,0,0,
11:40:03,46.9,309.51,14.516019,,80,283.6875,22.695,,49,307.5,15.0675,1.037991201,,634,1981,
11:40:04,47.3,309.25,14.627525,,71,279.75,19.86225,,53,308.1875,16.3339375,1.116657637,,634,1981,
11:40:05,46.7,309.22,14.440574,,70,286.375,20.04625,,53,306.5,16.2445,1.124920658,,636,1987,
11:40:06,50,309.03,15.4515,,70,290.0625,20.304375,,55,307.5,16.9125,1.094553927,,635,1984,
11:40:07,51.5,309.15,15.921225,,81,290.3125,23.5153125,,54,307.625,16.61175,1.043371349,,636,1987,
11:40:08,47.4,309.03,14.648022,,79,277.1875,21.8978125,,55,306.75,16.87125,1.15177667,,636,1987,
11:40:09,48,309.14,14.83872,,79,287.8125,22.7371875,,54,308,16.632,1.120851394,,636,1989,
11:40:10,50,308.9,15.445,,81,287.0625,23.2520625,,56,307.5,17.22,1.114923924,,636,1986,
11:40:11,53.5,309.02,16.53257,,82,277.125,22.72425,,57,307,17.499,1.058456126,,636,1988,
11:40:12,53.3,308.97,16.468101,,77,281.4375,21.6706875,,57,307,17.499,1.06259975,,635,1984,
11:40:13,54,308.97,16.68438,,77,289,22.253,,57,307.25,17.51325,1.049679401,,637,1990,
11:40:14,53.9,308.76,16.642164,,73,275.6875,20.1251875,,57,307.75,17.54175,1.054054629,,635,1984,
11:40:15,53.3,308.65,16.451045,,80,273.375,21.87,,59,306.625,18.090875,1.099679382,,635,1984,
11:40:16,54.9,308.75,16.950375,,80,289.125,23.13,,61,307.125,18.734625,1.105263158,,636,1988,
11:40:17,54.6,308.51,16.844646,,83,290.0625,24.0751875,,59,307,18.113,1.07529716,,636,1987,
11:40:18,54,308.75,16.6725,,76,287.875,21.8785,,58,307.125,17.81325,1.068421053,,637,1989,
11:40:19,54.1,308.79,16.705539,,81,291.875,23.641875,,56,307.375,17.213,1.030376811,,637,1989,
11:40:20,53,308.67,16.35951,,81,281.0625,22.7660625,,57,307.5,17.5275,1.07139517,,639,1996,
11:40:21,54.3,308.49,16.751007,,77,286.4375,22.0556875,,60,306.75,18.405,1.098739915,,637,1989,
11:40:22,52.8,308.75,16.302,,84,282.75,23.751,,58,306.625,17.78425,1.090924426,,638,1992,
11:40:23,45.8,308.83,14.144414,,78,287.6875,22.439625,,58,306.1875,17.758875,1.255539819,,639,1995,
11:40:24,51.7,308.87,15.968579,,79,286.1875,22.6088125,,54,307.375,16.59825,1.039431874,,640,1999,
11:40:25,44.1,309.07,13.629987,,75,286.8125,21.5109375,,50,307.25,15.3625,1.127110393,,638,1994,
11:40:26,45.7,309.12,14.126784,,80,277,22.16,,51,307.5,15.6825,1.110125277,,637,1991,
11:40:27,41.5,309.3,12.83595,,71,278.0625,19.7424375,,50,307.25,15.3625,1.196833892,,638,1993,
11:40:28,44,309.38,13.61272,,80,285.1875,22.815,,48,307.75,14.772,1.085161525,,640,1998,
11:40:29,40.6,309.53,12.566918,,71,285.1875,20.2483125,,44,308,13.552,1.07838692,,640,2000,
11:40:30,38,309.69,11.76822,,75,276.125,20.709375,,42,307.5,12.915,1.097447193,,640,2000,
11:40:31,30.8,310.14,9.552312,,69,287.5,19.8375,,38,308,11.704,1.225253111,,640,2000,
11:40:32,28.8,310.19,8.933472,,68,286.625,19.4905,,35,308.1875,10.7865625,1.207432284,,638,1994,
11:40:33,28.7,310.36,8.907332,,64,291.4375,18.652,,34,307.875,10.46775,1.175183545,,640,2000,
11:40:34,27,310.49,8.38323,,75,279.5,20.9625,,33,308.5625,10.1825625,1.214634753,,638,1994,
11:40:35,29,310.55,9.00595,,62,285.125,17.67775,,34,308.9375,10.503875,1.166326151,,638,1992,
11:40:36,24.9,310.63,7.734687,,75,276.75,20.75625,,32,309.4375,9.902,1.280206943,,639,1996,
11:40:37,20.8,311,6.4688,,68,286.3125,19.46925,,27,309.0625,8.3446875,1.289990029,,640,1999,
11:40:38,18.1,311.14,5.631634,,68,285.375,19.4055,,25,310,7.75,1.376154771,,640,1998,
11:40:39,18.3,311.23,5.695509,,62,286,17.732,,23,308.9375,7.1055625,1.247572868,,639,1997,
11:40:40,16.2,311.33,5.043546,,69,287.9375,19.8676875,,23,309.875,7.127125,1.413117874,,638,1992,
11:40:41,22.5,311.2,7.002,,59,290.625,17.146875,,27,310.125,8.373375,1.195854756,,637,1989,
11:40:42,20.6,311.47,6.416282,,65,284,18.46,,24,309.4375,7.4265,1.15744601,,638,1993,
11:40:43,20.4,311.4,6.35256,,66,286,18.876,,25,309.75,7.74375,1.218996751,,639,1995,
11:40:44,18.3,311.54,5.701182,,64,282.25,18.064,,23,310.25,7.13575,1.251626417,,638,1994,
11:40:45,18.3,311.59,5.702097,,66,280.6875,18.525375,,23,309.5625,7.1199375,1.248652469,,638,1992,
11:40:46,19.7,311.5,6.13655,,64,287.1875,18.38,,25,310.25,7.75625,1.263943095,,637,1992,
11:40:47,19.9,311.65,6.201835,,69,278.5,19.2165,,23,309.625,7.121375,1.14826902,,637,1990,
11:40:48,17.1,311.65,5.329215,,73,288.1875,21.0376875,,23,309.75,7.12425,1.336829158,,636,1989,
11:40:49,15.9,311.88,4.958892,,65,282.4375,18.3584375,,21,310.375,6.517875,1.314381317,,636,1987,
11:40:50,18,311.86,5.61348,,64,278.5,17.824,,22,311,6.842,1.218851764,,635,1985,
11:40:51,21,311.51,6.54171,,62,279.5,17.329,,28,309.75,8.673,1.325800135,,635,1983,
11:40:52,22.1,311.54,6.885034,,62,275.75,17.0965,,27,309.625,8.359875,1.21420969,,635,1984,
11:40:53,19.3,311.62,6.014266,,69,286.9375,19.7986875,,26,309.5625,8.048625,1.338255574,,638,1991,
11:40:54,20.9,311.58,6.512022,,63,283.1875,17.8408125,,27,310.375,8.380125,1.286869885,,635,1984,
11:40:55,27.6,311.32,8.592432,,67,283.9375,19.0238125,,31,309.625,9.598375,1.117073141,,633,1978,
11:40:56,28,311.44,8.72032,,72,281.75,20.286,,30,309.75,9.2925,1.065614565,,635,1983,
11:40:57,28.7,311.17,8.930579,,68,285.25,19.397,,33,309.1875,10.2031875,1.142500111,,634,1981,
11:40:58,36.5,310.81,11.344565,,62,287.3125,17.813375,,39,309.75,12.08025,1.064849115,,634,1981,
11:40:59,36.2,310.71,11.247702,,66,290.375,19.16475,,40,308.5625,12.3425,1.09733526,,632,1977,
11:41:00,39.9,310.58,12.392142,,72,286.75,20.646,,42,309.0625,12.980625,1.0474884,,634,1979,
11:41:01,38.7,310.39,12.012093,,64,287.4375,18.396,,43,308,13.244,1.102555566,,633,1979,
11:41:02,41.7,310.43,12.944931,,68,283.125,19.2525,,45,308.9375,13.9021875,1.073948366,,636,1985,
11:41:02,0,0,0,,69,0,0,,0,308.4375,0,,,0,0,
11:41:03,31.9,310.42,9.902398,,71,278.5,19.7735,,44,309.0625,13.59875,1.373278473,,635,1985,
11:41:04,37.5,310.41,11.640375,,73,285.1875,20.8186875,,43,308.9375,13.2843125,1.141227194,,637,1989,
11:41:05,35.2,310.36,10.924672,,72,289.625,20.853,,43,308.5625,13.2681875,1.214515868,,637,1990,
11:41:06,40.1,310.35,12.445035,,74,289.5,21.423,,43,308.4375,13.2628125,1.065711145,,638,1992,
11:41:07,31.8,310.5,9.8739,,75,282.375,21.178125,,40,308.8125,12.3525,1.251025431,,638,1993,
11:41:08,37.7,310.47,11.704719,,72,288.5,20.772,,42,309.0625,12.980625,1.109007828,,636,1987,
11:41:09,31.8,310.52,9.874536,,73,282.375,20.613375,,41,308.6875,12.6561875,1.281699464,,637,1990,
11:41:10,36.8,310.41,11.423088,,73,289.375,21.124375,,40,308.4375,12.3375,1.080049458,,638,1993,
11:41:11,31.6,310.68,9.817488,,73,280.0625,20.4445625,,40,308.8125,12.3525,1.258213914,,637,1990,
11:41:12,31.3,311.1,9.73743,,69,280.5,19.3545,,29,309.625,8.979125,0.922124729,,643,2009,
11:41:13,33.7,310.45,10.462165,,74,281.0625,20.798625,,43,308.0625,13.2466875,1.266151652,,637,1990,
11:41:14,34.7,310.33,10.768451,,72,287.3125,20.6865,,42,308.4375,12.954375,1.202993355,,636,1986,
11:41:15,34.8,310.66,10.810968,,68,287.1875,19.52875,,38,308.9375,11.739625,1.085899524,,638,1993,
11:41:16,34.4,310.45,10.67948,,78,283.5625,22.117875,,39,308.5625,12.0339375,1.126828038,,637,1989,
11:41:17,32.3,310.72,10.036256,,68,288.1875,19.59675,,36,309.0625,11.12625,1.108605639,,638,1993,
11:41:18,33.7,310.52,10.464524,,75,283.6875,21.2765625,,39,308.8125,12.0436875,1.150906386,,635,1985,
11:41:19,37,310.62,11.49294,,76,276.5625,21.01875,,39,309.3125,12.0631875,1.0496172,,635,1983,
11:41:20,41.2,310.3,12.78436,,64,286.375,18.328,,42,309.0625,12.980625,1.015351961,,634,1982,
11:41:21,36.1,310.32,11.202552,,76,283.8125,21.56975,,45,308.3125,13.8740625,1.238473385,,636,1987,
11:41:22,39.4,310.17,12.220698,,69,290.1875,20.0229375,,44,308.5625,13.57675,1.110963547,,637,1990,
11:41:23,33.3,310.59,10.342647,,69,288.1875,19.8849375,,37,308.6875,11.4214375,1.104305068,,639,1997,
11:41:24,31.1,310.46,9.655306,,63,290.4375,18.2975625,,39,308.6875,12.0388125,1.246859758,,637,1990,
11:41:25,38.9,310.34,12.072226,,64,286.8125,18.356,,42,308.9375,12.975375,1.074812135,,637,1989,
11:41:26,39.6,309.97,12.274812,,66,289.6875,19.119375,,46,308.9375,14.211125,1.157746856,,635,1983,
11:41:27,41.4,310.02,12.834828,,69,278.375,19.207875,,45,308.5625,13.8853125,1.081846403,,635,1985,
11:41:28,38.3,310.04,11.874532,,73,290.6875,21.2201875,,46,308.3125,14.182375,1.194352333,,636,1988,
11:41:29,37.5,310.25,11.634375,,63,289.8125,18.2581875,,41,309.1875,12.6766875,1.089589041,,638,1994,
11:41:30,29.8,310.46,9.251708,,71,288.0625,20.4524375,,39,309.0625,12.0534375,1.302833758,,639,1996,
11:41:31,31.7,310.58,9.845386,,69,289.8125,19.9970625,,37,308.9375,11.4306875,1.161019741,,638,1994,
11:41:32,34.5,310.48,10.71156,,66,285,18.81,,38,309.0625,11.744375,1.096420596,,638,1992,
11:41:33,35.8,310.45,11.11411,,73,287.0625,20.9555625,,40,308.5625,12.3425,1.110525269,,636,1988,
11:41:34,30.1,310.71,9.352371,,69,287.0625,19.8073125,,36,308.6875,11.11275,1.188228097,,639,1995,
11:41:35,30.7,310.69,9.538183,,76,282,21.432,,35,308.6875,10.8040625,1.132717049,,639,1997,
11:41:36,23.9,310.87,7.429793,,66,286.0625,18.880125,,34,309.4375,10.520875,1.416038778,,640,1999,
11:41:37,26.2,311,8.1482,,63,294.5625,18.5574375,,33,309.0625,10.1990625,1.25169516,,638,1992,
11:41:38,35.1,310.66,10.904166,,68,285.75,19.431,,38,309.0625,11.744375,1.077053944,,637,1989,
11:41:39,32.9,310.69,10.221701,,61,285,17.385,,35,309.3125,10.8259375,1.059113107,,636,1988,
11:41:40,28.7,310.93,8.923691,,68,282.375,19.2015,,35,309.1875,10.8215625,1.212677859,,637,1989,
11:41:41,31.2,310.78,9.696336,,62,285.375,17.69325,,35,308.4375,10.7953125,1.113339358,,636,1988,
11:41:42,29.7,310.97,9.235809,,71,286,20.306,,34,309.0625,10.508125,1.13775902,,635,1985,
11:41:43,31.8,310.6,9.87708,,70,286.75,20.0725,,39,309.1875,12.0583125,1.220837788,,634,1980,
11:41:44,36.2,310.57,11.242634,,71,280.9375,19.9465625,,40,308.6875,12.3475,1.098274657,,635,1983,
11:41:45,38.8,310.38,12.042744,,72,284.1875,20.4615,,42,308.0625,12.938625,1.074391767,,635,1983,
11:41:46,36.7,310.31,11.388377,,72,288.1875,20.7495,,42,309.0625,12.980625,1.139813426,,636,1986,
11:41:47,35.3,310.43,10.958179,,73,289.625,21.142625,,40,308.4375,12.3375,1.12587137,,637,1989,
11:41:48,38.3,310.32,11.885256,,79,282.75,22.33725,,42,308.0625,12.938625,1.088628213,,638,1992,
11:41:49,35.2,310.48,10.928896,,72,279.9375,20.1555,,37,308.8125,11.4260625,1.045491008,,639,1994,
11:41:50,31.6,310.65,9.81654,,62,291.0625,18.045875,,37,309.4375,11.4491875,1.166315983,,638,1991,
11:41:51,34,310.55,10.5587,,77,278.625,21.454125,,38,308.5625,11.725375,1.11049419,,637,1990,
11:41:52,33.3,310.59,10.342647,,66,286.75,18.9255,,39,309.1875,12.0583125,1.165882631,,637,1989,
11:41:53,36,310.39,11.17404,,67,287.3125,19.2499375,,41,308.8125,12.6613125,1.133100696,,636,1987,
11:41:54,36.6,310.32,11.357712,,78,277.0625,21.610875,,42,308.8125,12.970125,1.141966357,,636,1988,
11:41:55,33,310.35,10.24155,,62,290.6875,18.022625,,41,309.0625,12.6715625,1.237269993,,636,1990,
11:41:56,35.3,310.55,10.962415,,65,286.75,18.63875,,39,309.3125,12.0631875,1.100413321,,637,1988,
11:41:57,34,310.39,10.55326,,62,290.1875,17.991625,,40,308.1875,12.3275,1.168122457,,638,1992,
11:41:58,30,310.5,9.315,,66,288.0625,19.012125,,38,309.1875,11.749125,1.261312399,,639,1993,
11:41:59,31.7,310.45,9.841265,,65,280.5625,18.2365625,,40,308.4375,12.3375,1.25364981,,638,1994,
11:42:00,27.9,310.64,8.666856,,69,286.0625,19.7383125,,36,308.6875,11.11275,1.282212373,,638,1993,
11:42:01,29.1,310.68,9.040788,,66,285,18.81,,36,309.1875,11.13075,1.231170336,,637,1992,
11:42:01,29.1,310.7,9.04137,,0,0,0,,0,0,0,0,,0,0,
11:42:02,29.5,310.65,9.164175,,62,289.125,17.92575,,36,309.4375,11.13975,1.21557587,,636,1987,
11:42:03,35,310.61,10.87135,,73,279.625,20.412625,,39,308.8125,12.0436875,1.107837343,,637,1989,
11:42:04,34.1,310.44,10.586004,,70,282.125,19.74875,,40,308.3125,12.3325,1.164981612,,634,1981,
11:42:05,35.9,310.4,11.14336,,65,285.875,18.581875,,42,308.1875,12.943875,1.161577388,,635,1985,
11:42:06,35.2,310.32,10.923264,,75,286.8125,21.5109375,,41,308.6875,12.6561875,1.158645209,,635,1985,
11:42:07,33.3,310.47,10.338651,,71,288.375,20.474625,,40,309.3125,12.3725,1.196722861,,637,1990,
11:42:08,35,310.35,10.86225,,71,292.5,20.7675,,39,309.0625,12.0534375,1.109663053,,637,1990,
11:42:09,33.4,310.58,10.373372,,59,288.0625,16.9956875,,37,308.9375,11.4306875,1.101925921,,637,1989,
11:42:10,30.9,310.55,9.595995,,71,277.1875,19.6803125,,36,308.9375,11.12175,1.158999145,,636,1986,
11:42:11,33.1,310.61,10.281191,,63,289.6875,18.2503125,,39,308.9375,12.0485625,1.171903382,,637,1991,
11:42:12,33.6,310.37,10.428432,,58,284.4375,16.497375,,41,308.3125,12.6408125,1.212148912,,636,1987,
11:42:13,37.7,310.41,11.702457,,69,289.6875,19.9884375,,39,309.4375,12.0680625,1.031241773,,638,1993,
11:42:14,32.4,310.53,10.061172,,66,284.75,18.7935,,38,308.5625,11.725375,1.165408463,,637,1990,
11:42:15,33.1,310.56,10.279536,,68,290.5625,19.75825,,38,309.0625,11.744375,1.142500498,,637,1991,
11:42:16,33.3,310.52,10.340316,,67,288.625,19.337875,,40,309.1875,12.3675,1.19604662,,637,1990,
11:42:17,33.4,310.66,10.376044,,71,278.1875,19.7513125,,37,308.6875,11.4214375,1.100750681,,637,1989,
11:42:18,31.3,310.46,9.717398,,72,289.375,20.835,,39,309.4375,12.0680625,1.241902668,,637,1991,
11:42:19,30.3,310.54,9.409362,,73,285.375,20.832375,,37,308.8125,11.4260625,1.214329144,,637,1991,
11:42:20,31,310.72,9.63232,,70,285.125,19.95875,,37,308.8125,11.4260625,1.186221232,,638,1992,
11:42:21,33,310.6,10.2498,,75,281.25,21.09375,,36,308.9375,11.12175,1.085069953,,637,1991,
11:42:22,29.8,310.89,9.264522,,74,277.625,20.54425,,36,309.3125,11.13525,1.201923855,,637,1990,
11:42:23,31,310.5,9.6255,,76,283,21.508,,37,308.3125,11.4075625,1.185139733,,637,1989,
11:42:24,30.4,310.66,9.444064,,65,283.4375,18.4234375,,38,308.6875,11.730125,1.242063269,,636,1988,
11:42:25,36.1,310.59,11.212299,,70,284.75,19.9325,,38,309.3125,11.753875,1.048301958,,637,1989,
11:42:26,35.7,310.49,11.084493,,78,275.4375,21.484125,,40,308.9375,12.3575,1.114845758,,637,1989,
11:42:27,38.6,310.23,11.974878,,73,287.6875,21.0011875,,42,308.3125,12.949125,1.081357572,,636,1987,
11:42:28,29,310.65,9.00885,,67,286,19.162,,37,308.3125,11.4075625,1.266261787,,637,1991,
11:42:29,35.5,310.4,11.0192,,77,283.3125,21.8150625,,41,308.3125,12.6408125,1.147162453,,636,1986,
11:42:30,34.6,310.57,10.745722,,64,286,18.304,,37,309.0625,11.4353125,1.064173492,,636,1987,
11:42:31,34.5,310.39,10.708455,,71,288.5,20.4835,,40,308.8125,12.3525,1.15352775,,635,1984,
11:42:32,34.9,310.44,10.834356,,70,277.625,19.43375,,40,309.625,12.385,1.143122858,,637,1991,
11:42:33,31.5,310.46,9.77949,,69,284.125,19.604625,,39,309.875,12.085125,1.235762294,,636,1987,
11:42:34,37.7,310.41,11.702457,,69,288.5,19.9065,,40,308.4375,12.3375,1.054265784,,637,1990,
11:42:35,34.4,310.5,10.6812,,59,295.875,17.456625,,40,308.6875,12.3475,1.156003071,,636,1987,
11:42:36,38.7,310.51,12.016737,,67,291.0625,19.5011875,,38,309.3125,11.753875,0.978125343,,637,1990,
11:42:37,33.5,310.3,10.39505,,72,284.4375,20.4795,,41,308.6875,12.6561875,1.217520599,,637,1989,
11:42:38,33.3,310.49,10.339317,,70,286.3125,20.041875,,38,309.3125,11.753875,1.136813486,,638,1993,
11:42:39,33.5,310.44,10.39974,,68,291.6875,19.83475,,39,308.3125,12.0241875,1.15620078,,638,1992,
11:42:40,33.7,310.64,10.468568,,64,291.4375,18.652,,36,309.3125,11.13525,1.063684164,,637,1991,
11:42:41,29.1,310.61,9.038751,,61,280.5625,17.1143125,,37,309.0625,11.4353125,1.265142994,,638,1992,
11:42:42,35.3,310.4,10.95712,,74,285.5,21.127,,39,308.6875,12.0388125,1.098720512,,637,1989,
11:42:43,32.7,310.58,10.155966,,69,289.625,19.984125,,38,309.0625,11.744375,1.156401567,,637,1990,
11:42:44,34.4,310.56,10.683264,,73,281.75,20.56775,,37,308.8125,11.4260625,1.069529172,,636,1987,
11:42:45,30.4,310.64,9.443456,,67,287.3125,19.2499375,,38,309.1875,11.749125,1.244155212,,637,1989,
11:42:46,33.8,310.54,10.496252,,67,288.0625,19.3001875,,37,308.6875,11.4214375,1.088144368,,636,1988,
11:42:47,33.2,310.55,10.31026,,76,291.375,22.1445,,38,308.5625,11.725375,1.137253086,,638,1992,
11:42:48,29.9,310.51,9.284249,,68,289.125,19.6605,,36,308.1875,11.09475,1.195007803,,636,1988,
11:42:49,33.3,310.49,10.339317,,81,274,22.194,,39,309.0625,12.0534375,1.165786628,,635,1983,
11:42:50,33,310.53,10.24749,,71,282.8125,20.0796875,,39,309.625,12.075375,1.178373924,,634,1981,
11:42:51,34.6,310.34,10.737764,,69,281.6875,19.4364375,,40,308,12.32,1.147352466,,635,1984,
11:42:52,35,310.3,10.8605,,62,286.375,17.75525,,40,308.1875,12.3275,1.135076654,,636,1986,
11:42:53,36,310.34,11.17224,,73,290.8125,21.2293125,,40,309.0625,12.3625,1.106537275,,637,1991,
11:42:54,39.3,310.32,12.195576,,68,292.5,19.89,,41,309.1875,12.6766875,1.039449674,,636,1987,
11:42:55,37.3,310.32,11.574936,,70,281.875,19.73125,,40,308.6875,12.3475,1.066744559,,636,1987,
11:42:56,40.7,310.09,12.620663,,72,289.6875,20.8575,,43,308.4375,13.2628125,1.050880806,,634,1982,
11:42:57,37.2,310.3,11.54316,,72,288.25,20.754,,42,308.1875,12.943875,1.121345888,,637,1990,
11:42:58,35.7,310.28,11.076996,,62,293,18.166,,41,308.5625,12.6510625,1.14210229,,636,1989,
11:42:59,36.1,310.1,11.19461,,68,289.25,19.669,,42,308,12.936,1.155556111,,638,1991,
11:43:00,35,310.12,10.8542,,72,281.6875,20.2815,,43,308.8125,13.2789375,1.223391636,,637,1991,
11:43:01,30.2,310.57,9.379214,,65,291.25,18.93125,,35,309.3125,10.8259375,1.15424784,,639,1994,
11:43:01,0,0,0,,67,0,0,,0,309.3125,0,,,0,0,
11:43:02,36.1,310.32,11.202552,,71,281.375,19.977625,,41,308.5625,12.6510625,1.129301832,,634,1982,
11:43:03,36.5,310.23,11.323395,,72,291.6875,21.0015,,41,308.5625,12.6510625,1.11724995,,637,1990,
11:43:04,32.4,310.52,10.060848,,67,294.1875,19.7105625,,38,309.3125,11.753875,1.168278757,,636,1988,
11:43:05,-34.9,314.57,-10.978493,,82,250.625,20.55125,,4071,313,1274.223,,,613,1912,
11:43:06,-41.9,315.6,-13.22364,,74,247.0625,18.282625,,4058,314.5,1276.241,,,566,1764,
11:43:07,-43,316.04,-13.58972,,56,234.9375,13.1565,,4056,314.5625,1275.8655,,,513,1600,
11:43:08,-41.5,316.15,-13.120225,,43,227.8125,9.7959375,,4057,315.3125,1279.222813,,,460,1436,
11:43:09,-35,316.05,-11.06175,,40,219.875,8.795,,4062,315.1875,1280.291625,,,408,1272,
11:43:10,-23.5,315.65,-7.417775,,23,187.6875,4.3168125,,4069,314,1277.666,,,359,1118,
11:43:11,33.4,312.23,10.428482,,41,202.125,8.287125,,24,310.25,7.446,,,342,1069,
11:43:12,-0.9,313.96,-0.282564,,0,184.125,0,,4090,311.8125,1275.313125,,,350,1087,
11:43:13,-11.9,314.46,-3.742074,,18,163.9375,2.950875,,4085,313.125,1279.115625,,,313,977,
11:43:14,-0.1,314.02,-0.031402,,5,135.4375,0.6771875,,4090,312.5625,1278.380625,,,252,784,
11:43:15,0.4,313.88,0.125552,,0,93.9375,0,,4095,312.5625,1279.943438,,,180,557,
11:43:16,0.6,313.86,0.188316,,0,61,0,,4095,311.6875,1276.360313,,,113,353,
11:43:17,0.8,313.87,0.251096,,0,32.8125,0,,4095,312.1875,1278.407813,,,66,205,
11:43:18,0.8,313.89,0.251112,,0,13.375,0,,4095,312.5625,1279.943438,,,34,104,
11:43:19,29.5,313.03,9.234385,,197,34,6.698,,16,310.625,4.97,0.538205847,,27,86,
11:43:20,99.6,306.21,30.498516,,264,130.9375,34.5675,,124,305.0625,37.82775,1.240314447,,151,487,
11:43:21,117.4,305.85,35.90679,,175,188.6875,33.0203125,,125,304,38,1.058295659,,264,831,
11:43:22,113.7,305.54,34.739898,,137,225.3125,30.8678125,,123,303.25,37.29975,1.073686227,,344,1082,
11:43:23,113.6,305.45,34.69912,,109,258.5,28.1765,,119,303.375,36.101625,1.040419037,,408,1275,
11:43:24,110.2,305.36,33.650672,,101,283.0625,28.5893125,,114,302.6875,34.506375,1.025429002,,468,1463,
11:43:25,115.2,304.86,35.119872,,106,277.125,29.37525,,119,302.9375,36.0495625,1.026471922,,522,1630,
11:43:26,111.5,304.86,33.99189,,114,271.6875,30.972375,,119,302.5625,36.0049375,1.059221405,,570,1781,
11:43:27,91.2,305.9,27.89808,,100,280.4375,28.04375,,101,304.25,30.72925,1.101482611,,609,1904,
11:43:28,67.6,307.26,20.770776,,92,281.5625,25.90375,,78,305.5625,23.833875,1.147471573,,635,1984,
11:43:29,50.1,308.47,15.454347,,81,286.125,23.176125,,58,306.875,17.79875,1.151698613,,649,2027,
11:43:30,45.7,308.85,14.114445,,80,285.125,22.81,,54,307.125,16.58475,1.175019634,,655,2047,
11:43:31,28.1,310.16,8.715496,,71,280.4375,19.9110625,,36,308,11.088,1.27221675,,657,2052,
11:43:32,22.9,310.5,7.11045,,73,285,20.805,,29,309.625,8.979125,1.262806855,,653,2039,
11:43:33,19.3,310.82,5.998826,,76,277.875,21.1185,,25,309.4375,7.7359375,1.289575244,,647,2021,
11:43:34,24.1,310.65,7.486665,,68,282.375,19.2015,,29,309.0625,8.9628125,1.197170235,,643,2009,
11:43:35,21.7,310.79,6.744143,,65,283.4375,18.4234375,,28,309.5625,8.66775,1.285226307,,640,1998,
11:43:36,24.6,310.8,7.64568,,75,283.8125,21.2859375,,31,309.1875,9.5848125,1.253624596,,638,1993,
11:43:37,25.8,310.68,8.015544,,72,275.8125,19.8585,,32,309.625,9.908,1.236098261,,635,1985,
11:43:38,27.2,310.78,8.453216,,60,285.125,17.1075,,31,309.0625,9.5809375,1.133407392,,637,1989,
11:43:39,30.4,310.51,9.439504,,63,281.6875,17.7463125,,36,308.9375,11.12175,1.178213389,,636,1987,
11:43:40,26.8,310.67,8.325956,,78,278.9375,21.757125,,32,309.4375,9.902,1.189292857,,637,1990,
11:43:41,30.2,310.53,9.378006,,66,286.75,18.9255,,36,308.3125,11.09925,1.18354051,,637,1989,
11:43:42,28.4,310.63,8.821892,,64,281.875,18.04,,33,309.4375,10.2114375,1.157511053,,637,1991,
11:43:43,26.3,310.89,8.176407,,64,283.1875,18.124,,31,310,9.61,1.175332882,,638,1993,
11:43:44,29.8,310.6,9.25588,,68,285.875,19.4395,,33,309.5625,10.2155625,1.10368355,,636,1987,
11:43:45,28.4,310.75,8.8253,,70,275.125,19.25875,,34,308.8125,10.499625,1.189718763,,634,1981,
11:43:46,32,310.51,9.93632,,71,284.4375,20.1950625,,37,308.5625,11.4168125,1.14899807,,634,1981,
11:43:47,41.2,310.05,12.77406,,62,282.6875,17.526625,,44,308.5625,13.57675,1.0628375,,634,1981,
11:43:48,38.3,310.17,11.879511,,69,281.6875,19.4364375,,41,308.3125,12.6408125,1.064085256,,634,1980,
11:43:49,37.9,310.12,11.753548,,73,289,21.097,,43,308.1875,13.2520625,1.127494651,,635,1983,
11:43:50,40.2,309.8,12.45396,,68,290.1875,19.73275,,46,307.75,14.1565,1.136706718,,636,1986,
11:43:51,39.8,310.06,12.340388,,71,289.25,20.53675,,43,308.1875,13.2520625,1.073877296,,636,1988,
11:43:52,40.7,310,12.617,,73,284.3125,20.7548125,,44,307.875,13.5465,1.073670445,,636,1988,
11:43:53,41.9,309.88,12.983972,,72,282.5625,20.3445,,44,308.4375,13.57125,1.045230997,,636,1986,
11:43:54,37.4,309.94,11.591756,,74,279.375,20.67375,,44,308.9375,13.59325,1.172665298,,635,1985,
11:43:55,42,309.61,13.00362,,71,287.0625,20.3814375,,49,307.25,15.05525,1.157773758,,637,1988,
11:43:56,44.2,309.59,13.683878,,76,287.9375,21.88325,,49,307.625,15.073625,1.101560903,,635,1984,
11:43:57,41.7,309.85,12.920745,,77,285.625,21.993125,,45,307.875,13.854375,1.072258217,,638,1991,
11:43:58,45.6,309.44,14.110464,,71,279.125,19.817875,,49,307.75,15.07975,1.068692709,,636,1987,
11:43:59,42.7,309.66,13.222482,,68,284.0625,19.31625,,46,307.75,14.1565,1.070638629,,636,1988,
11:44:00,46.6,309.25,14.41105,,76,283.6875,21.56025,,52,307.25,15.977,1.108663144,,634,1982,
11:44:01,49.2,309.16,15.210672,,84,289.1875,24.29175,,54,308,16.632,1.093442814,,635,1983,
